1540822821858778880,0.00069,-0.00535,0.02679,0.99967,-0.02565,0.00011,0.00343,0.03004,-0.02661,0.18351,
1540822821958364160,0.00570,-0.00932,0.05340,0.99968,-0.02531,-0.00091,-0.00148,0.05914,-0.03773,0.27102,
1540822822057817344,0.01145,-0.01418,0.08101,0.99961,-0.02605,-0.00442,-0.00885,0.05963,-0.05824,0.29631,
1540822822124269568,0.01448,-0.01755,0.09949,0.99951,-0.03040,-0.00128,-0.00736,0.03990,-0.05063,0.28472,
1540822822256844800,0.01804,-0.02328,0.13600,0.99957,-0.02809,0.00809,-0.00137,0.02671,-0.04094,0.28016,
1540822822323311872,0.01808,-0.02587,0.15265,0.99988,-0.01503,0.00224,-0.00205,0.01018,-0.00572,0.28182,
1540822822422714112,0.01652,-0.02662,0.17831,0.99991,-0.01215,-0.00505,-0.00266,-0.01287,0.00689,0.25454,
1540822822555404544,0.01370,-0.02697,0.20983,0.99992,-0.01113,-0.00367,-0.00410,-0.01176,-0.02748,0.23195,
1540822822621749760,0.01292,-0.02863,0.22724,0.99985,-0.01386,-0.00628,-0.00845,0.00579,-0.04525,0.23194,
1540822822721314816,0.01612,-0.03482,0.24846,0.99957,-0.01975,-0.00454,-0.02101,0.08078,-0.06353,0.17260,
1540822822820825856,0.03158,-0.03865,0.26155,0.99939,-0.02131,0.00183,-0.02766,0.24924,-0.01190,0.11398,
1540822822920382976,0.06316,-0.03813,0.27371,0.99952,-0.02658,0.00118,-0.01582,0.40422,0.00708,0.09099,
1540822823019899904,0.10524,-0.03535,0.28228,0.99901,-0.04176,-0.00376,0.01478,0.42941,0.05537,0.06374,
1540822823119345408,0.14631,-0.02975,0.28539,0.99777,-0.04748,-0.00324,0.04669,0.39036,0.03511,0.00770,
1540822823252079360,0.19295,-0.02532,0.28798,0.99664,-0.04464,-0.00475,0.06847,0.30566,0.03746,0.03454,
1540822823318430720,0.21251,-0.02319,0.28915,0.99643,-0.03878,-0.00384,0.07491,0.25793,0.04070,0.03409,
1540822823417901056,0.23166,-0.01912,0.29026,0.99636,-0.03294,-0.00983,0.07807,0.09010,0.06682,0.02918,
1540822823550592000,0.22208,-0.01214,0.28649,0.99650,-0.03061,-0.01331,0.07667,-0.25496,0.02552,-0.05514,
1540822823616983040,0.20170,-0.01106,0.28233,0.99733,-0.02991,-0.00693,0.06624,-0.38388,0.00236,-0.05651,
1540822823716499968,0.15939,-0.01308,0.27693,0.99842,-0.03150,0.01072,0.04528,-0.44222,-0.04435,-0.03090,
1540822823815977984,0.12397,-0.01887,0.27716,0.99876,-0.03949,0.02646,0.01497,-0.24984,-0.05912,0.04548,
1540822823915535104,0.11539,-0.02311,0.28218,0.99813,-0.05281,0.03026,-0.00594,0.06305,-0.01104,0.05427,
1540822824015014912,0.13628,-0.02173,0.28676,0.99792,-0.05914,0.02486,-0.00642,0.32333,0.04115,0.04535,
1540822824114640896,0.17555,-0.01706,0.29161,0.99800,-0.06226,0.00898,0.00564,0.43921,0.04953,0.04990,
1540822824214054656,0.21806,-0.01144,0.29554,0.99765,-0.06529,-0.01062,0.01809,0.38887,0.06701,0.01662,
1540822824313573120,0.24770,-0.00205,0.29480,0.99731,-0.06220,-0.02133,0.03249,0.20178,0.12208,-0.02735,
1540822824413203456,0.25746,0.00595,0.28979,0.99710,-0.05963,-0.02315,0.04115,0.02343,-0.00765,-0.07977,
1540822824512746752,0.25551,-0.00888,0.27920,0.99695,-0.06098,-0.01178,0.04735,-0.03887,-0.28251,-0.10156,
1540822824612128256,0.25182,-0.04544,0.27236,0.99722,-0.06169,-0.00603,0.04133,-0.03218,-0.41182,-0.02121,
1540822824711724288,0.24860,-0.08303,0.27430,0.99668,-0.07288,-0.01089,0.03453,-0.02568,-0.30220,0.05486,
1540822824811167232,0.24568,-0.10056,0.28134,0.99660,-0.07823,-0.01142,0.02307,-0.03395,-0.02312,0.07631,
1540822824943969024,0.24204,-0.07642,0.28689,0.99667,-0.07952,-0.01494,0.00963,-0.02958,0.36502,-0.01231,
1540822825043377152,0.24007,-0.03331,0.28396,0.99792,-0.06121,-0.01998,-0.00336,-0.03501,0.47120,-0.03904,
1540822825142968576,0.23567,0.01197,0.27998,0.99826,-0.05164,-0.02612,-0.01173,-0.05724,0.38641,-0.05394,
1540822825209243904,0.23100,0.03136,0.27547,0.99856,-0.04521,-0.02481,-0.01506,-0.06350,0.18298,-0.07221,
1540822825308840960,0.22523,0.02846,0.26800,0.99903,-0.03853,-0.01575,-0.01454,-0.04909,-0.22085,-0.06131,
1540822825408279808,0.22158,-0.00567,0.26730,0.99898,-0.04268,-0.01138,-0.00979,-0.01592,-0.42655,0.03583,
1540822825507800320,0.22257,-0.04684,0.27444,0.99845,-0.05404,-0.01236,-0.00485,0.04510,-0.36296,0.09269,
1540822825607319040,0.22940,-0.07312,0.28366,0.99777,-0.06575,-0.01081,-0.00373,0.09105,-0.13808,0.08572,
1540822825706912768,0.23670,-0.07254,0.28941,0.99738,-0.07034,-0.01698,-0.00186,0.04982,0.15340,0.00914,
1540822825806357760,0.23814,-0.04672,0.28765,0.99777,-0.06222,-0.02383,-0.00506,-0.00472,0.33131,-0.04464,
1540822825905885184,0.23775,-0.01491,0.28317,0.99773,-0.05779,-0.03138,-0.01477,0.01691,0.27436,-0.04108,
1540822826005493248,0.24183,0.00358,0.27997,0.99769,-0.05130,-0.04039,-0.01855,0.06506,0.09351,-0.02621,
1540822826104955136,0.24640,0.00751,0.27733,0.99824,-0.04478,-0.03755,-0.01029,0.01920,-0.00830,-0.01383,
1540822826204472832,0.24537,0.00176,0.27710,0.99830,-0.04447,-0.03742,-0.00330,-0.04593,-0.10646,-0.01267,
1540822826303991296,0.23855,-0.00978,0.27402,0.99843,-0.04246,-0.03537,-0.00897,-0.07261,-0.09817,-0.03379,
1540822826436662272,0.23184,-0.01757,0.27031,0.99858,-0.04160,-0.02981,-0.01476,-0.01369,-0.01757,-0.01382,
1540822826502991872,0.23193,-0.01870,0.26955,0.99850,-0.04427,-0.02949,-0.01309,0.01227,-0.00687,-0.01265,
1540822826602582016,0.23303,-0.01885,0.26732,0.99871,-0.04074,-0.02905,-0.00876,0.01105,0.00613,-0.02882,
1540822826702100736,0.23384,-0.01791,0.26543,0.99878,-0.03921,-0.02892,-0.00775,0.00717,0.01044,-0.01038,
1540822826801547776,0.23398,-0.01680,0.26515,0.99874,-0.04012,-0.02946,-0.00630,-0.00386,0.00906,0.00189,
1540822826901064960,0.23258,-0.01657,0.26583,0.99867,-0.04245,-0.02911,-0.00438,-0.02241,-0.00808,0.00833,
1540822827000625920,0.22906,-0.01798,0.26688,0.99861,-0.04332,-0.02959,-0.00549,-0.05355,-0.02066,0.01020,
1540822827100180992,0.22141,-0.01993,0.26725,0.99863,-0.04436,-0.02642,-0.00795,-0.10178,-0.01648,-0.00260,
1540822827199621888,0.20833,-0.02166,0.26596,0.99872,-0.04566,-0.01807,-0.01202,-0.17232,-0.01718,-0.01785,
1540822827299140864,0.18732,-0.02427,0.26354,0.99874,-0.04678,-0.00554,-0.01707,-0.25046,-0.03617,-0.01774,
1540822827398660096,0.16333,-0.02887,0.26265,0.99835,-0.04920,0.00451,-0.02939,-0.21232,-0.05194,0.00293,
1540822827498292992,0.15058,-0.03445,0.26219,0.99773,-0.05138,0.01124,-0.04200,-0.02509,-0.05350,-0.00830,
1540822827597779712,0.16034,-0.03904,0.26249,0.99768,-0.04897,0.00935,-0.04641,0.23411,-0.02982,0.02163,
1540822827730391808,0.20838,-0.03955,0.26678,0.99832,-0.04695,-0.01313,-0.03143,0.47810,0.02984,0.04094,
1540822827796737024,0.23951,-0.03645,0.27014,0.99849,-0.04513,-0.02595,-0.01781,0.47938,0.05734,0.05036,
1540822827896304896,0.27888,-0.02922,0.27426,0.99815,-0.04495,-0.04048,0.00535,0.29777,0.08252,0.01734,
1540822827995853824,0.29250,-0.02207,0.27244,0.99809,-0.03911,-0.04283,0.02145,-0.02465,0.04494,-0.05876,
1540822828095336960,0.27616,-0.02098,0.26299,0.99859,-0.03840,-0.03076,0.01989,-0.26805,-0.01701,-0.12507,
1540822828194862848,0.24735,-0.02402,0.25086,0.99962,-0.02134,-0.01498,0.00843,-0.27284,-0.02426,-0.05257,
1540822828294333184,0.22651,-0.02799,0.25959,0.99988,-0.00905,-0.01204,-0.00430,-0.14707,-0.03124,0.25609,
1540822828427064064,0.21647,-0.03332,0.30970,0.99948,-0.01765,-0.02107,-0.01664,-0.03564,-0.05030,0.46314,
1540822828493369088,0.21620,-0.03849,0.34163,0.99896,-0.02852,-0.02735,-0.02265,-0.01518,-0.10637,0.48858,
1540822828592889600,0.21557,-0.04910,0.38708,0.99765,-0.05669,-0.02716,-0.02742,-0.00290,-0.10621,0.41050,
1540822828692448000,0.21520,-0.05892,0.41653,0.99482,-0.09480,-0.02541,-0.02652,0.00555,-0.08206,0.14702,
1540822828791926016,0.21692,-0.06297,0.41254,0.99271,-0.11212,-0.03579,-0.02600,0.03000,-0.00319,-0.24731,
1540822828891443712,0.21885,-0.06085,0.37193,0.99433,-0.09914,-0.03285,-0.01978,0.02130,0.06189,-0.53894,
1540822828990963968,0.21918,-0.05250,0.31650,0.99754,-0.06508,-0.02266,-0.01322,0.00214,0.08890,-0.52464,
1540822829090482944,0.21695,-0.04374,0.27279,0.99877,-0.04010,-0.02089,-0.02022,-0.03326,0.07179,-0.35123,
1540822829190003456,0.21173,-0.03683,0.24792,0.99939,-0.02063,-0.01213,-0.02560,-0.04535,0.06642,-0.11816,
1540822829289520896,0.20637,-0.03527,0.25175,0.99963,-0.00918,-0.00261,-0.02557,-0.04570,-0.03912,0.21041,
1540822829389039872,0.20273,-0.04119,0.28689,0.99939,-0.01093,-0.01353,-0.03034,-0.02836,-0.08828,0.44594,
1540822829488559104,0.19926,-0.05405,0.33049,0.99863,-0.03680,-0.00932,-0.03600,-0.02783,-0.14652,0.41819,
1540822829588078848,0.19983,-0.06483,0.36320,0.99644,-0.07032,-0.01830,-0.04282,0.02977,-0.06205,0.16716,
1540822829720851968,0.20822,-0.06395,0.34734,0.99596,-0.06666,-0.03358,-0.04996,0.08220,0.08305,-0.37851,
1540822829787118080,0.21258,-0.05727,0.31789,0.99741,-0.04647,-0.03070,-0.04541,0.03795,0.12851,-0.49569,
1540822829886713856,0.21019,-0.04380,0.27162,0.99884,-0.01053,-0.01537,-0.04434,-0.09070,0.11594,-0.38641,
1540822829986153728,0.19341,-0.03903,0.24338,0.99847,0.00718,-0.00382,-0.05471,-0.22065,-0.02493,-0.17660,
1540822830085675520,0.17143,-0.05109,0.23474,0.99790,0.00507,0.00486,-0.06434,-0.20449,-0.21045,0.00148,
1540822830185193984,0.15699,-0.07751,0.24024,0.99674,-0.01013,0.00560,-0.07984,-0.07860,-0.28080,0.11393,
1540822830317886208,0.16359,-0.11169,0.25934,0.99560,-0.03629,-0.00671,-0.08607,0.19118,-0.19592,0.17355,
1540822830384229120,0.17934,-0.12253,0.27032,0.99575,-0.04674,-0.01491,-0.07796,0.30126,-0.11433,0.16614,
1540822830483748864,0.21499,-0.12713,0.28436,0.99619,-0.06159,-0.02627,-0.05594,0.40427,0.03953,0.11026,
1540822830583268096,0.25535,-0.11203,0.29180,0.99716,-0.05904,-0.03871,-0.02635,0.38726,0.25867,0.03766,
1540822830682828032,0.28556,-0.07701,0.29117,0.99786,-0.04686,-0.04531,0.00435,0.19606,0.43167,-0.04684,
1540822830782306816,0.29016,-0.03144,0.28229,0.99855,-0.02068,-0.04399,0.02297,-0.12256,0.44765,-0.12317,
1540822830881826048,0.26300,0.00590,0.26903,0.99923,-0.00194,-0.03061,0.02453,-0.40911,0.26812,-0.13026,
1540822830981415936,0.21478,0.01561,0.25819,0.99984,0.01114,-0.00804,0.01181,-0.52979,-0.09497,-0.07403,
1540822831080904192,0.16515,-0.00940,0.25609,0.99966,-0.00123,0.01630,-0.02015,-0.43569,-0.35670,0.04679,
1540822831180428032,0.13172,-0.05235,0.26098,0.99811,-0.01995,0.03280,-0.04803,-0.21421,-0.46579,0.06414,
1540822831279902976,0.12801,-0.09632,0.26956,0.99706,-0.03936,0.03091,-0.05810,0.12938,-0.40010,0.11722,
1540822831379419904,0.15334,-0.12783,0.28098,0.99645,-0.06268,0.01185,-0.05497,0.33577,-0.19703,0.09857,
1540822831478938880,0.18758,-0.12980,0.28393,0.99681,-0.06932,-0.00405,-0.03926,0.30768,0.15684,-0.05090,
1540822831578458880,0.21096,-0.10160,0.27227,0.99827,-0.05511,-0.00593,-0.01978,0.15853,0.37487,-0.15525,
1540822831678024960,0.22163,-0.06045,0.25769,0.99950,-0.02687,-0.01035,-0.01340,0.04024,0.41624,-0.13824,
1540822831777569024,0.22209,-0.01755,0.24725,0.99992,-0.00025,-0.00357,-0.01210,-0.02470,0.43305,-0.04544,
1540822831877091328,0.21822,0.02517,0.25161,0.99981,0.01806,0.00681,-0.00202,-0.02887,0.40355,0.17606,
1540822831976535040,0.21567,0.05626,0.27944,0.99975,0.01814,0.00786,0.01014,-0.01369,0.20316,0.40105,
1540822832076129792,0.21538,0.06067,0.32780,0.99994,-0.00349,-0.00241,0.01014,0.00853,-0.11793,0.54933,
1540822832175573760,0.21466,0.03601,0.38065,0.99883,-0.04621,-0.01395,0.00299,-0.02075,-0.37962,0.48293,
1540822832275233024,0.21068,-0.01136,0.42086,0.99431,-0.10545,-0.01281,-0.00810,-0.03573,-0.50896,0.34188,
1540822832374610944,0.20591,-0.06353,0.44210,0.98966,-0.14082,-0.02173,-0.01648,-0.05695,-0.50421,0.08108,
1540822832474129920,0.20110,-0.10815,0.43882,0.98772,-0.15141,-0.02576,-0.02860,-0.04464,-0.37367,-0.12612,
1540822832606832896,0.19536,-0.14104,0.40234,0.98893,-0.14059,-0.02381,-0.04114,-0.05764,-0.11851,-0.42223,
1540822832673208832,0.19233,-0.14279,0.37147,0.99125,-0.12313,-0.01529,-0.04510,-0.04888,0.04751,-0.49839,
1540822832772755968,0.18913,-0.12636,0.31937,0.99533,-0.08133,-0.00969,-0.05112,-0.01846,0.25809,-0.53038,
1540822832872247552,0.18747,-0.09640,0.27105,0.99779,-0.03655,-0.00235,-0.05539,-0.01493,0.29982,-0.42166,
1540822832971767808,0.18896,-0.06979,0.23686,0.99847,-0.00937,0.00114,-0.05446,0.07031,0.23639,-0.26138,
1540822833071318784,0.20174,-0.05100,0.21739,0.99840,0.01069,-0.00220,-0.05546,0.21176,0.16706,-0.10405,
1540822833170835968,0.23122,-0.03810,0.21859,0.99876,0.02261,-0.01757,-0.04079,0.36506,0.09924,0.13972,
1540822833270355968,0.27219,-0.03118,0.24376,0.99911,0.01506,-0.03660,-0.01448,0.44064,0.05522,0.36916,
1540822833369799936,0.31378,-0.02883,0.28951,0.99821,0.00684,-0.05783,0.01365,0.36127,-0.00420,0.55434,
1540822833469394944,0.34185,-0.03221,0.34980,0.99651,-0.02186,-0.07099,0.03805,0.17888,-0.04367,0.63935,
1540822833568878336,0.34929,-0.03914,0.41171,0.99418,-0.06110,-0.06986,0.05479,-0.04187,-0.08927,0.60643,
1540822833668358144,0.33401,-0.04973,0.46638,0.99066,-0.10700,-0.06323,0.05600,-0.25766,-0.11656,0.47748,
1540822833767876864,0.29735,-0.06380,0.50072,0.98720,-0.14944,-0.04066,0.03802,-0.45101,-0.16640,0.20364,
1540822833867395840,0.24759,-0.08071,0.50569,0.98456,-0.17474,-0.00978,0.00335,-0.50806,-0.14053,-0.09477,
1540822833966959872,0.19942,-0.09256,0.48236,0.98399,-0.17584,0.01248,-0.02627,-0.43972,-0.09210,-0.37582,
1540822834066433024,0.16111,-0.09722,0.43136,0.98593,-0.15534,0.03645,-0.04985,-0.28746,-0.00312,-0.60887,
1540822834165952000,0.14282,-0.09235,0.36500,0.99108,-0.10960,0.03823,-0.06548,-0.06822,0.09555,-0.68797,
1540822834265470976,0.14800,-0.07964,0.29929,0.99597,-0.05095,0.02670,-0.06878,0.16227,0.13953,-0.58811,
1540822834365091328,0.17404,-0.06474,0.25086,0.99851,-0.01465,0.00872,-0.05186,0.33212,0.13970,-0.38085,
1540822834464509952,0.21505,-0.05218,0.22680,0.99953,0.00819,-0.00964,-0.02793,0.47915,0.11564,-0.08797,
1540822834564031744,0.26739,-0.04255,0.23283,0.99948,0.01316,-0.02943,0.00210,0.54388,0.07609,0.20739,
1540822834663565056,0.31978,-0.03703,0.26604,0.99846,-0.00799,-0.04216,0.03519,0.47083,0.02474,0.45295,
1540822834763109632,0.35647,-0.03864,0.31686,0.99625,-0.03567,-0.05515,0.05636,0.24757,-0.05908,0.55761,
1540822834862662400,0.36689,-0.04820,0.37156,0.99372,-0.07194,-0.05974,0.06145,-0.02984,-0.11960,0.53226,
1540822834995413504,0.34151,-0.06871,0.42728,0.99050,-0.11836,-0.05424,0.04417,-0.33222,-0.16887,0.29939,
1540822835061630208,0.31609,-0.08034,0.44180,0.98936,-0.13610,-0.04382,0.02705,-0.43214,-0.17272,0.15676,
1540822835161150208,0.26902,-0.09597,0.44729,0.98719,-0.15738,-0.02634,-0.00129,-0.49198,-0.12228,-0.04610,
1540822835260664832,0.22187,-0.10535,0.43157,0.98636,-0.16264,-0.01529,-0.02017,-0.41978,-0.06547,-0.27653,
1540822835360182784,0.18530,-0.10934,0.39593,0.98804,-0.14687,-0.01062,-0.04577,-0.30763,-0.00236,-0.43369,
1540822835459709952,0.16062,-0.10543,0.34713,0.98964,-0.12901,-0.00504,-0.06273,-0.18640,0.06414,-0.52903,
1540822835559219712,0.14982,-0.09608,0.29413,0.99164,-0.11005,-0.00110,-0.06732,-0.05383,0.09761,-0.52024,
1540822835658785024,0.15055,-0.08611,0.24576,0.99397,-0.09280,-0.00150,-0.05833,0.04100,0.09940,-0.44838,
1540822835758260224,0.15669,-0.07817,0.20611,0.99571,-0.08040,-0.00189,-0.04566,0.07679,0.07710,-0.34632,
1540822835857775872,0.16536,-0.06963,0.17369,0.99660,-0.07402,-0.00400,-0.03597,0.07313,0.10434,-0.30333,
1540822835957336064,0.17265,-0.05896,0.14462,0.99756,-0.06614,-0.00307,-0.02192,0.07009,0.11287,-0.27070,
1540822836056945152,0.18030,-0.04929,0.12027,0.99795,-0.06306,0.00001,-0.01125,0.06514,0.09363,-0.21813,
1540822836156360192,0.18707,-0.04075,0.10086,0.99820,-0.05944,-0.00009,-0.00775,0.04504,0.07985,-0.19201,
1540822836255892224,0.18985,-0.03491,0.08216,0.99853,-0.05392,0.00407,-0.00461,0.00234,0.04824,-0.17563,
1540822836355369984,0.19074,-0.03237,0.06734,0.99871,-0.04986,0.00547,-0.00762,-0.00127,0.02183,-0.12628,
1540822836454962688,0.19175,-0.03014,0.05557,0.99913,-0.04011,0.00225,-0.01106,-0.00059,0.02537,-0.10854,
1540822836554415104,0.19185,-0.02823,0.04448,0.99942,-0.03199,0.00609,-0.01016,-0.00369,0.01176,-0.09698,
1540822836653926912,0.19070,-0.02798,0.03489,0.99954,-0.02621,0.01135,-0.01059,-0.02273,-0.00523,-0.08501,
1540822836786618880,0.18790,-0.02960,0.02610,0.99962,-0.01766,0.00974,-0.01891,-0.02259,-0.00991,-0.05290,
1540822836853039104,0.18675,-0.02993,0.02257,0.99963,-0.01491,0.00952,-0.02059,-0.01667,-0.00421,-0.04974,
1540822836952562688,0.18622,-0.02977,0.01784,0.99965,-0.01168,0.01020,-0.02135,-0.00458,0.00587,-0.04439,
1540822837052005120,0.18652,-0.02916,0.01348,0.99969,-0.00771,0.00945,-0.02191,0.00749,0.00847,-0.03881,
1540822837151620864,0.18752,-0.02844,0.00987,0.99968,-0.00372,0.00864,-0.02348,0.00836,0.00866,-0.02624,
1540822837251144192,0.18776,-0.02786,0.00728,0.99967,-0.00065,0.00863,-0.02406,-0.00241,0.00409,-0.01978,
1540822837350560512,0.18783,-0.02760,0.00552,0.99963,0.00022,0.00791,-0.02591,-0.00523,-0.00153,-0.01947,
1540822837450080512,0.18803,-0.02753,0.00445,0.99963,-0.00300,0.00829,-0.02579,-0.00285,-0.00164,-0.00875,
1540822837549599232,0.18808,-0.02767,0.00435,0.99964,-0.00394,0.00736,-0.02569,0.00072,0.00453,-0.00288,
1540822837649189120,0.18802,-0.02706,0.00307,0.99962,-0.00743,0.00757,-0.02547,-0.00162,0.00563,0.00717,
1540822837748718080,0.18790,-0.02728,0.00312,0.99961,-0.00812,0.00687,-0.02567,-0.00111,-0.00855,-0.00170,
1540822837914578432,0.18719,-0.02866,0.00255,0.99951,-0.00898,0.00449,-0.02966,-0.01862,-0.03411,0.01590,
1540822837980954368,0.18706,-0.02821,0.00237,0.99953,-0.00730,0.00484,-0.02938,0.00209,0.00999,-0.00397,
1540822838047280384,0.18736,-0.02815,0.00230,0.99955,-0.00742,0.00437,-0.02858,0.00576,-0.00084,0.00491,
1540822838146751232,0.18707,-0.02726,0.00222,0.99958,-0.00602,0.00508,-0.02789,0.00300,-0.00010,0.00644,
1540822838246272000,0.18670,-0.02639,0.00229,0.99960,-0.00439,0.00541,-0.02751,-0.01098,-0.01024,-0.00567,
1540822838345750016,0.18724,-0.02714,0.00240,0.99960,-0.00568,0.00480,-0.02738,-0.01441,0.02113,-0.00508,
1540822838445269760,0.18746,-0.02762,0.00239,0.99959,-0.00644,0.00460,-0.02756,0.00050,0.01121,0.00147,
1540822838544859904,0.18723,-0.02742,0.00234,0.99959,-0.00601,0.00486,-0.02772,0.01010,-0.00990,0.00248,
1540822838644308736,0.18701,-0.02708,0.00229,0.99959,-0.00544,0.00519,-0.02768,0.00517,-0.00820,0.00272,
1540822838743827200,0.18708,-0.02713,0.00233,0.99959,-0.00558,0.00511,-0.02765,-0.00630,0.00582,0.00015,
1540822838843385856,0.18731,-0.02734,0.00237,0.99959,-0.00601,0.00480,-0.02763,-0.00740,0.00672,-0.00099,
1540822838942905344,0.18736,-0.02737,0.00240,0.99959,-0.00615,0.00470,-0.02760,-0.00017,-0.00186,0.00087,
1540822839042425856,0.18723,-0.02722,0.00237,0.99959,-0.00594,0.00488,-0.02764,0.00463,-0.00492,0.00263,
1540822839141944832,0.18714,-0.02715,0.00235,0.99959,-0.00583,0.00499,-0.02767,0.00130,-0.00087,0.00140,
1540822839241421056,0.18718,-0.02720,0.00236,0.99959,-0.00594,0.00494,-0.02767,-0.00345,0.00364,0.00045,
1540822839340941056,0.18725,-0.02727,0.00240,0.99959,-0.00614,0.00479,-0.02768,-0.00410,0.00275,-0.00037,
1540822839440460800,0.18726,-0.02727,0.00241,0.99959,-0.00617,0.00477,-0.02763,-0.00014,-0.00126,0.00154,
1540822839539980032,0.18722,-0.02721,0.00241,0.99959,-0.00616,0.00481,-0.02762,0.00142,-0.00237,0.00142,
1540822839639497984,0.18719,-0.02718,0.00239,0.99959,-0.00610,0.00484,-0.02763,0.00038,-0.00028,0.00071,
1540822839739014912,0.18721,-0.02721,0.00239,0.99959,-0.00607,0.00480,-0.02760,-0.00154,0.00144,0.00008,
1540822839838534912,0.18725,-0.02724,0.00240,0.99959,-0.00614,0.00474,-0.02760,-0.00218,0.00166,0.00047,
1540822839938055936,0.18727,-0.02725,0.00241,0.99959,-0.00618,0.00471,-0.02759,-0.00063,-0.00006,0.00137,
1540822840037664000,0.18725,-0.02724,0.00241,0.99959,-0.00617,0.00471,-0.02760,0.00006,-0.00079,0.00153,
1540822840137110016,0.18724,-0.02722,0.00241,0.99959,-0.00618,0.00470,-0.02760,0.00009,-0.00030,0.00133,
1540822840236684032,0.18725,-0.02722,0.00241,0.99959,-0.00621,0.00465,-0.02759,-0.00094,0.00082,0.00122,
1540822840336203008,0.18727,-0.02723,0.00241,0.99959,-0.00628,0.00460,-0.02760,-0.00152,0.00087,0.00045,
1540822840435651840,0.18727,-0.02723,0.00242,0.99959,-0.00631,0.00458,-0.02761,-0.00096,0.00061,0.00117,
1540822840535268352,0.18727,-0.02724,0.00242,0.99959,-0.00633,0.00454,-0.02757,-0.00021,0.00014,0.00169,
1540822840634728960,0.18726,-0.02722,0.00242,0.99959,-0.00638,0.00450,-0.02760,-0.00036,-0.00006,0.00093,
1540822840734279168,0.18725,-0.02722,0.00243,0.99959,-0.00641,0.00451,-0.02761,-0.00070,0.00010,0.00140,
1540822840833727232,0.18727,-0.02723,0.00243,0.99959,-0.00643,0.00448,-0.02759,-0.00076,0.00008,0.00156,
1540822840933243904,0.18727,-0.02723,0.00244,0.99959,-0.00649,0.00442,-0.02757,-0.00093,0.00025,0.00089,
1540822841032806912,0.18726,-0.02722,0.00244,0.99959,-0.00654,0.00439,-0.02760,-0.00073,0.00050,0.00100,
1540822841132364032,0.18726,-0.02722,0.00245,0.99959,-0.00656,0.00438,-0.02759,-0.00037,0.00022,0.00084,
1540822841231842816,0.18726,-0.02723,0.00245,0.99959,-0.00656,0.00435,-0.02758,-0.00054,0.00016,0.00105,
1540822841364617984,0.18728,-0.02723,0.00243,0.99959,-0.00659,0.00431,-0.02758,-0.00049,0.00024,0.00090,
1540822841430878976,0.18727,-0.02723,0.00245,0.99959,-0.00659,0.00429,-0.02758,-0.00131,0.00054,0.00113,
1540822841530432000,0.18729,-0.02723,0.00244,0.99959,-0.00662,0.00429,-0.02758,-0.00066,-0.00002,0.00084,
1540822841629917952,0.18728,-0.02723,0.00245,0.99959,-0.00662,0.00428,-0.02756,-0.00084,0.00010,0.00110,
1540822841729395968,0.18728,-0.02723,0.00245,0.99959,-0.00662,0.00428,-0.02756,-0.00041,-0.00006,0.00096,
1540822841828915968,0.18729,-0.02724,0.00245,0.99959,-0.00664,0.00424,-0.02755,-0.00072,0.00008,0.00094,
1540822841928520192,0.18729,-0.02724,0.00245,0.99959,-0.00666,0.00420,-0.02754,-0.00096,0.00023,0.00080,
1540822842027955968,0.18729,-0.02724,0.00245,0.99959,-0.00670,0.00418,-0.02751,-0.00043,0.00023,0.00095,
1540822842127472896,0.18729,-0.02724,0.00245,0.99959,-0.00670,0.00417,-0.02752,-0.00105,0.00010,0.00159,
1540822842226991104,0.18729,-0.02724,0.00246,0.99959,-0.00675,0.00415,-0.02753,-0.00055,0.00001,0.00097,
1540822842326580992,0.18730,-0.02724,0.00246,0.99959,-0.00679,0.00411,-0.02750,-0.00051,0.00035,0.00113,
1540822842426029824,0.18729,-0.02736,0.00246,0.99958,-0.00674,0.00409,-0.02805,-0.00400,0.00523,-0.00173,
1540822842525588736,0.18732,-0.02723,0.00245,0.99959,-0.00689,0.00408,-0.02737,0.00063,-0.00390,-0.00296,
1540822842625143040,0.18731,-0.02718,0.00248,0.99959,-0.00676,0.00407,-0.02745,-0.00198,0.00072,0.00258,
1540822842724584960,0.18730,-0.02722,0.00246,0.99959,-0.00678,0.00404,-0.02751,0.00056,0.00196,0.00113,
1540822842824105984,0.18730,-0.02722,0.00246,0.99959,-0.00686,0.00404,-0.02752,-0.00049,0.00198,0.00211,
1540822842923623680,0.18730,-0.02724,0.00245,0.99959,-0.00681,0.00396,-0.02753,0.00149,-0.00041,-0.00143,
1540822843023216384,0.18730,-0.02723,0.00246,0.99959,-0.00684,0.00396,-0.02749,-0.00035,-0.00139,0.00042,
1540822843122661888,0.18731,-0.02726,0.00246,0.99959,-0.00689,0.00394,-0.02750,-0.00214,0.00189,0.00135,
1540822843222276864,0.18731,-0.02726,0.00247,0.99959,-0.00695,0.00393,-0.02750,-0.00102,0.00085,0.00094,
1540822843321742336,0.18731,-0.02725,0.00247,0.99959,-0.00690,0.00391,-0.02747,0.00016,-0.00015,0.00119,
1540822843421219072,0.18732,-0.02725,0.00248,0.99959,-0.00694,0.00390,-0.02749,-0.00099,0.00111,0.00154,
1540822843520807936,0.18731,-0.02726,0.00249,0.99959,-0.00697,0.00381,-0.02752,0.00060,-0.00079,-0.00139,
1540822843620257024,0.18731,-0.02726,0.00248,0.99959,-0.00696,0.00382,-0.02747,0.00030,-0.00250,-0.00012,
1540822843719776000,0.18732,-0.02725,0.00248,0.99959,-0.00698,0.00379,-0.02753,-0.00123,-0.00134,-0.00001,
1540822843819294976,0.18734,-0.02725,0.00247,0.99959,-0.00708,0.00380,-0.02752,-0.00056,0.00212,0.00239,
1540822843918813952,0.18734,-0.02725,0.00247,0.99959,-0.00707,0.00372,-0.02744,0.00099,-0.00165,-0.00004,
1540822844051506688,0.18735,-0.02727,0.00247,0.99959,-0.00714,0.00371,-0.02759,-0.00284,0.00077,0.00252,
1540822844117852928,0.18734,-0.02727,0.00249,0.99959,-0.00722,0.00372,-0.02749,-0.00040,-0.00007,0.00036,
1540822844217370880,0.18739,-0.02727,0.00251,0.99959,-0.00726,0.00371,-0.02753,0.00172,0.00356,0.00630,
1540822844316890880,0.18741,-0.02731,0.00255,0.99959,-0.00721,0.00358,-0.02749,0.00211,-0.01238,-0.00113,
1540822844416497920,0.18744,-0.02733,0.00259,0.99959,-0.00733,0.00353,-0.02746,0.00149,-0.00979,0.00382,
1540822844516019200,0.18751,-0.02738,0.00268,0.99959,-0.00752,0.00327,-0.02752,-0.00244,0.00446,-0.00140,
1540822844615540992,0.18750,-0.02743,0.00269,0.99958,-0.00754,0.00323,-0.02767,-0.00398,-0.00082,-0.00097,
1540822844715041792,0.18757,-0.02728,0.00272,0.99959,-0.00740,0.00333,-0.02728,-0.00216,-0.00058,0.00167,
1540822844814487040,0.18757,-0.02735,0.00277,0.99959,-0.00773,0.00295,-0.02737,0.00054,0.00033,0.00304,
1540822844914007040,0.18757,-0.02739,0.00278,0.99959,-0.00767,0.00318,-0.02740,0.00274,-0.00677,0.00261,
1540822845013526016,0.18758,-0.02747,0.00280,0.99959,-0.00734,0.00301,-0.02736,0.01112,-0.01293,-0.02880,
1540822845113137152,0.18768,-0.02728,0.00284,0.99959,-0.00718,0.00311,-0.02738,0.00109,-0.00029,0.00917,
1540822845212563712,0.18787,-0.02693,0.00313,0.99961,-0.00785,0.00161,-0.02665,-0.02121,0.01468,0.00950,
1540822845312106240,0.18789,-0.02692,0.00325,0.99960,-0.00873,0.00172,-0.02670,-0.00482,0.02093,0.02545,
1540822845411601920,0.18739,-0.02553,0.00462,0.99962,-0.00786,0.00162,-0.02621,0.00099,0.01392,0.02407,
1540822845511195904,0.18802,-0.02670,0.00387,0.99963,-0.00805,0.00014,-0.02600,0.00271,-0.00118,0.02567,
1540822845610637056,0.18719,-0.02760,0.00599,0.99958,-0.01004,-0.00273,-0.02711,-0.01877,-0.00875,0.02190,
1540822845710283776,0.18621,-0.02838,0.00924,0.99947,-0.01188,-0.00780,-0.02941,-0.00366,-0.01606,0.02504,
1540822845809675008,0.18442,-0.03049,0.01373,0.99923,-0.01851,-0.01489,-0.03130,-0.02882,-0.01806,0.06369,
1540822845909275136,0.17854,-0.03015,0.02185,0.99905,-0.02417,-0.01893,-0.03086,-0.07767,0.01491,0.08376,
1540822846008715776,0.16783,-0.02660,0.03122,0.99915,-0.02422,-0.01699,-0.02863,-0.14464,0.05568,0.07289,
1540822846108349440,0.15074,-0.01934,0.03911,0.99957,-0.02365,-0.00246,-0.01730,-0.18466,0.08555,0.08916,
1540822846207750912,0.13253,-0.00968,0.05152,0.99974,-0.02051,0.00849,-0.00461,-0.17950,0.10187,0.18461,
1540822846307342336,0.11409,0.00203,0.07411,0.99972,-0.01896,0.01320,0.00588,-0.16436,0.10992,0.30452,
1540822846406829824,0.09840,0.01427,0.10732,0.99968,-0.01962,0.01246,0.00968,-0.10490,0.11046,0.41537,
1540822846506307840,0.08798,0.02818,0.14784,0.99980,-0.01255,0.01171,0.00994,-0.09987,0.14029,0.44513,
1540822846605827840,0.07596,0.04107,0.19389,0.99987,-0.00727,0.01100,0.00954,-0.10056,0.11629,0.49592,
1540822846705363968,0.06359,0.05079,0.24411,0.99985,-0.00804,0.01242,0.00883,-0.10024,0.10187,0.52333,
1540822846804865024,0.05275,0.06007,0.29549,0.99968,-0.00477,0.02302,0.00947,-0.10354,0.10506,0.53709,
1540822846904384000,0.04519,0.06817,0.35049,0.99927,-0.00111,0.03582,0.01314,-0.04585,0.07453,0.59631,
1540822847003903744,0.04399,0.07292,0.41026,0.99870,-0.00082,0.04883,0.01460,0.02678,0.04041,0.62870,
1540822847103421952,0.05219,0.07449,0.47488,0.99826,-0.00123,0.05709,0.01446,0.14174,0.00837,0.68488,
1540822847202984192,0.07490,0.07217,0.54171,0.99818,-0.00129,0.05882,0.01353,0.25713,-0.01580,0.68776,
1540822847302539776,0.10664,0.06911,0.60888,0.99737,-0.00007,0.07067,0.01608,0.34978,-0.02600,0.71024,
1540822847401978880,0.15199,0.06424,0.67688,0.99626,0.00116,0.08315,0.02328,0.49315,-0.05242,0.73344,
1540822847501498880,0.21102,0.05558,0.74575,0.99417,0.00230,0.10246,0.03354,0.62629,-0.08157,0.74433,
1540822847601059072,0.28723,0.04448,0.81730,0.99157,0.00332,0.12204,0.04347,0.84086,-0.12552,0.77721,
1540822847700617728,0.38668,0.02851,0.89058,0.98946,-0.01380,0.13332,0.05487,1.09153,-0.15760,0.78712,
1540822847800056064,0.50884,0.01602,0.96426,0.98742,-0.02048,0.14252,0.06541,1.31444,-0.09527,0.78868,
1540822847899575040,0.65494,0.00782,1.03504,0.98512,-0.01971,0.15317,0.07542,1.60245,-0.07316,0.75230,
1540822847999093760,0.82982,0.00321,1.10269,0.98419,-0.01878,0.15394,0.08560,1.89563,-0.03697,0.71493,
1540822848098667264,1.03126,0.00251,1.16678,0.98401,-0.01526,0.15004,0.09478,2.14264,0.00189,0.65206,
1540822848198244864,1.25588,0.00538,1.22398,0.98347,-0.00669,0.14848,0.10345,2.37297,0.03228,0.56845,
1540822848297765120,1.50291,0.00838,1.27060,0.98293,-0.00415,0.14538,0.11265,2.58810,0.01050,0.43053,
1540822848397346048,1.76947,0.01303,1.30808,0.98194,-0.00515,0.14183,0.12508,2.78561,0.04539,0.36806,
1540822848496934144,2.05764,0.02042,1.33663,0.97988,-0.01333,0.13785,0.14375,3.01238,0.04721,0.23418,
1540822848596440832,2.36535,0.02980,1.35625,0.97681,-0.03045,0.13248,0.16544,3.16924,0.11849,0.16978,
1540822848695999744,2.68952,0.04709,1.37006,0.97236,-0.04801,0.12790,0.18936,3.33222,0.21126,0.11388,
1540822848795549952,3.03047,0.07613,1.37981,0.96608,-0.06714,0.12329,0.21674,3.48586,0.34717,0.05124,
1540822848894998784,3.38391,0.12118,1.38383,0.95755,-0.08701,0.11898,0.24774,3.60252,0.51618,0.00424,
1540822848994516736,3.74712,0.18574,1.38422,0.94593,-0.10574,0.11448,0.28448,3.67627,0.73958,-0.03255,
1540822849094035968,4.11859,0.27519,1.38173,0.93110,-0.12153,0.11123,0.32544,3.73728,0.98531,-0.06723,
1540822849193596928,4.49463,0.39017,1.37603,0.91484,-0.13124,0.10906,0.36599,3.76588,1.26002,-0.09686,
1540822849293116928,4.87236,0.53253,1.36808,0.89724,-0.13382,0.11008,0.40612,3.77329,1.54205,-0.12201,
1540822849392794368,5.25157,0.70328,1.35801,0.87892,-0.12803,0.11395,0.44511,3.78367,1.80935,-0.14625,
1540822849492152832,5.62964,0.89901,1.34457,0.85550,-0.13987,0.10888,0.48651,3.83886,2.06284,-0.20533,
1540822849624880640,6.13538,1.20299,1.31763,0.80853,-0.18164,0.08652,0.55300,3.75188,2.48264,-0.25281,
1540822849691227648,6.37938,1.37768,1.30500,0.78057,-0.20253,0.07324,0.58680,3.62198,2.69816,-0.25890,
1540822849790670080,6.72641,1.66586,1.27944,0.73725,-0.22583,0.05803,0.63411,3.38886,3.04981,-0.34479,
1540822849890187776,7.04619,1.99018,1.24673,0.69351,-0.23849,0.03769,0.67878,3.06804,3.41180,-0.37954,
1540822850022879744,7.40832,2.47628,1.19912,0.63051,-0.24922,-0.00206,0.73508,2.53406,3.80289,-0.41323,
1540822850089308160,7.55732,2.73826,1.17427,0.59443,-0.25404,-0.02524,0.76255,2.20809,3.97665,-0.43425,
1540822850221918720,7.78710,3.28060,1.12101,0.51041,-0.24974,-0.07348,0.81958,1.42003,4.13359,-0.43759,
1540822850288264704,7.85590,3.55690,1.09751,0.46107,-0.23864,-0.09765,0.84908,1.01602,4.11955,-0.42600,
1540822850387782912,7.91982,3.96047,1.05981,0.38231,-0.22092,-0.13134,0.88757,0.47440,3.97164,-0.42643,
1540822850487303168,7.93373,4.34340,1.02336,0.30363,-0.20498,-0.16715,0.91534,-0.01968,3.72781,-0.42258,
1540822850620000000,7.88187,4.80464,0.96757,0.21141,-0.19562,-0.20107,0.93628,-0.65520,3.20625,-0.52394,
1540822850686339840,7.81516,5.00218,0.93896,0.17445,-0.19391,-0.19358,0.94578,-0.97304,2.89963,-0.55394,
1540822850785859072,7.67909,5.26847,0.89389,0.12346,-0.17523,-0.18277,0.95950,-1.43139,2.51930,-0.53307,
1540822850885453824,7.49378,5.48453,0.85214,0.08335,-0.15495,-0.16408,0.97063,-1.75702,2.05616,-0.48478,
1540822850984967680,7.25927,5.63533,0.82619,0.04973,-0.13640,-0.13662,0.97993,-2.08932,1.67752,-0.36025,
1540822851084416512,7.00751,5.77616,0.80215,0.01456,-0.12393,-0.13417,0.98307,-2.32062,1.36842,-0.27972,
1540822851183974656,6.75332,5.91780,0.77555,-0.01406,-0.13121,-0.13064,0.98261,-2.56548,1.07901,-0.18280,
1540822851283453696,6.47068,6.02733,0.75947,-0.03947,-0.13217,-0.12519,0.98250,-2.79828,0.77162,-0.07149,
1540822851382972928,6.16514,6.10827,0.75360,-0.06256,-0.12987,-0.11272,0.98312,-3.01978,0.49281,0.02711,
1540822851482620672,5.83547,6.16259,0.75630,-0.07502,-0.13064,-0.08555,0.98488,-3.24425,0.26049,0.14955,
1540822851582013440,5.48937,6.19698,0.77003,-0.08084,-0.12828,-0.05924,0.98666,-3.46477,0.13851,0.24043,
1540822851681529856,5.11627,6.22932,0.78851,-0.08058,-0.12916,-0.04452,0.98734,-3.68903,0.07310,0.33863,
1540822851781152768,4.71805,6.25635,0.81642,-0.07879,-0.12613,-0.03921,0.98810,-3.91185,-0.00025,0.43532,
1540822851880612864,4.29773,6.27101,0.85391,-0.07504,-0.11483,-0.02051,0.99033,-4.08377,-0.06346,0.53313,
1540822851980196096,3.86414,6.28263,0.90195,-0.07207,-0.11320,-0.00665,0.99093,-4.23496,-0.05227,0.60886,
1540822852079617024,3.41473,6.29232,0.95470,-0.06929,-0.11309,0.00423,0.99116,-4.39772,-0.03845,0.63055,
1540822852179127296,2.94372,6.30480,1.00538,-0.06712,-0.10809,0.01103,0.99181,-4.58106,0.02232,0.62265,
1540822852278645248,2.46028,6.32016,1.05226,-0.06303,-0.10451,0.00956,0.99248,-4.68066,0.05918,0.55279,
1540822852378304512,1.97084,6.33156,1.09519,-0.05171,-0.10497,0.00686,0.99311,-4.80685,0.08657,0.47604,
1540822852510955776,1.31478,6.34968,1.14289,-0.02731,-0.10395,0.00038,0.99421,-4.93193,0.14189,0.31929,
1540822852577259008,0.97786,6.36263,1.15573,-0.01191,-0.10321,-0.00821,0.99455,-5.00266,0.16341,0.19300,
1540822852676860928,0.47235,6.37600,1.16629,0.01125,-0.10225,-0.01601,0.99457,-5.07141,0.10168,0.07386,
1540822852776420864,-0.03745,6.38620,1.16495,0.03154,-0.09962,-0.01210,0.99445,-5.12063,0.08664,-0.03821,
1540822852875980032,-0.55737,6.39664,1.15417,0.04878,-0.08603,-0.00555,0.99508,-5.24499,0.09948,-0.10064,
1540822852975498240,-1.08212,6.41032,1.13984,0.06730,-0.06882,-0.00158,0.99536,-5.26892,0.13062,-0.12607,
1540822853075116032,-1.60642,6.43146,1.12030,0.09328,-0.05598,0.00087,0.99407,-5.25048,0.18651,-0.15928,
1540822853174674688,-2.12688,6.45524,1.09887,0.13184,-0.04830,0.00909,0.99005,-5.21492,0.22687,-0.20145,
1540822853274113536,-2.64086,6.48229,1.07212,0.18612,-0.04553,0.03025,0.98100,-5.17545,0.31317,-0.25701,
1540822853373674752,-3.15017,6.52067,1.04377,0.24755,-0.04476,0.05780,0.96611,-5.09513,0.45468,-0.24750,
1540822853473193728,-3.64831,6.57874,1.01765,0.30719,-0.04244,0.08015,0.94732,-4.98746,0.64983,-0.24380,
1540822853572670976,-4.13297,6.65708,0.99239,0.35919,-0.04239,0.09378,0.92757,-4.83703,0.90344,-0.22178,
1540822853672194816,-4.60141,6.75990,0.97307,0.40354,-0.04542,0.09151,0.90924,-4.67234,1.12374,-0.14337,
1540822853771750656,-5.05669,6.88118,0.96349,0.44394,-0.04988,0.09411,0.88970,-4.51971,1.31837,-0.01874,
1540822853871314688,-5.49770,7.02219,0.96608,0.48534,-0.04985,0.10168,0.86696,-4.35354,1.56879,0.08135,
1540822854003922688,-6.06039,7.25148,0.98124,0.54583,-0.04958,0.11311,0.82875,-4.09493,1.89713,0.18623,
1540822854070268672,-6.33459,7.38322,0.99161,0.57677,-0.04912,0.12031,0.80651,-3.96144,2.06854,0.22433,
1540822854169785856,-6.72992,7.60105,1.01242,0.61988,-0.04764,0.13099,0.77222,-3.74865,2.30723,0.25965,
1540822854269345792,-7.10378,7.84298,1.03970,0.65909,-0.04481,0.14125,0.73732,-3.51271,2.54434,0.32492,
1540822854401995776,-7.57438,8.20329,1.08279,0.70518,-0.03595,0.15793,0.69029,-3.14563,2.85074,0.39816,
1540822854468348416,-7.78866,8.40109,1.10513,0.72585,-0.03183,0.16587,0.66680,-2.94059,3.00715,0.42933,
1540822854567899648,-8.07801,8.71616,1.14141,0.75551,-0.02723,0.17411,0.63100,-2.57305,3.22655,0.45036,
1540822854667460608,-8.32541,9.05106,1.18207,0.78391,-0.02555,0.17642,0.59474,-2.19761,3.42302,0.48362,
1540822854766902272,-8.53421,9.40238,1.22818,0.81015,-0.02375,0.18007,0.55738,-1.83523,3.58422,0.51300,
1540822854899617536,-8.74598,9.89488,1.29359,0.84315,-0.01181,0.18833,0.50347,-1.29968,3.78016,0.53134,
1540822854999060480,-8.85045,10.27487,1.34422,0.86671,-0.00097,0.19269,0.46010,-0.90143,3.85003,0.50765,
1540822855065544192,-8.89507,10.53174,1.37693,0.88029,0.00983,0.20162,0.42934,-0.61635,3.87286,0.47209,
1540822855164872192,-8.92576,10.91640,1.42274,0.89879,0.02388,0.21251,0.38268,-0.14364,3.88884,0.44777,
1540822855297560320,-8.89752,11.43258,1.47873,0.92169,0.03890,0.21714,0.31910,0.50348,3.84732,0.39499,
1540822855397156352,-8.82046,11.81372,1.51523,0.93805,0.04935,0.21314,0.26871,0.98733,3.75782,0.35484,
1540822855463426048,-8.74394,12.06127,1.53700,0.94680,0.05606,0.21283,0.23478,1.27443,3.67592,0.33964,
1540822855563030784,-8.59370,12.42082,1.56924,0.95770,0.06726,0.21253,0.18199,1.74090,3.51770,0.32715,
1540822855662559232,-8.39692,12.76083,1.59864,0.96758,0.07945,0.20512,0.12413,2.18177,3.28959,0.28271,
1540822855761917184,-8.16161,13.07641,1.62649,0.97295,0.09582,0.20034,0.06358,2.57757,3.01361,0.27187,
1540822855894613504,-7.78655,13.44680,1.66030,0.97579,0.11739,0.18340,-0.02019,3.04000,2.54739,0.22777,
1540822855960954368,-7.57660,13.60756,1.67496,0.97415,0.12818,0.17550,-0.06170,3.21680,2.29497,0.21017,
1540822856093655040,-7.12773,13.87770,1.70159,0.96452,0.14999,0.16377,-0.14277,3.50929,1.73848,0.17240,
1540822856193862656,-6.76671,14.03113,1.71955,0.95254,0.16723,0.15365,-0.20272,3.66730,1.27933,0.15076,
1540822856292753664,-6.39728,14.12921,1.73570,0.93565,0.18935,0.14294,-0.26129,3.76827,0.77758,0.11253,
1540822856392206336,-6.02084,14.18128,1.74819,0.91331,0.21538,0.13241,-0.31929,3.79788,0.23955,0.08042,
1540822856458547712,-5.76985,14.18664,1.75480,0.89623,0.23218,0.12402,-0.35706,3.76721,-0.13744,0.03425,
1540822856558066944,-5.40175,14.14060,1.75711,0.86851,0.25322,0.11187,-0.41116,3.66279,-0.72494,-0.04325,
1540822856690802688,-4.93094,13.99355,1.74421,0.82868,0.27286,0.09469,-0.47944,3.40437,-1.51226,-0.17067,
1540822856757105664,-4.70901,13.88840,1.73051,0.80873,0.27708,0.08580,-0.51169,3.23324,-1.88393,-0.23522,
1540822856856623616,-4.39842,13.68426,1.70748,0.78224,0.27176,0.07370,-0.55572,2.94756,-2.37974,-0.28268,
1540822856956244992,-4.11781,13.42572,1.67890,0.76246,0.25486,0.06431,-0.59124,2.61804,-2.84858,-0.28959,
1540822857055738624,-3.87184,13.12095,1.64805,0.75162,0.23740,0.05612,-0.61283,2.31895,-3.25464,-0.29430,
1540822857155181568,-3.65679,12.77810,1.61928,0.74993,0.22365,0.05191,-0.62040,1.99033,-3.64111,-0.25078,
1540822857254775552,-3.47251,12.39899,1.59853,0.75470,0.20203,0.05455,-0.62180,1.69274,-4.00306,-0.17519,
1540822857354263808,-3.31316,11.98478,1.58437,0.76502,0.18873,0.05665,-0.61312,1.48384,-4.32296,-0.10051,
1540822857453798400,-3.17693,11.53483,1.57756,0.78095,0.17344,0.05994,-0.59702,1.26650,-4.64796,-0.00430,
1540822857553384448,-3.05992,11.05811,1.58748,0.79740,0.15226,0.06755,-0.58000,1.06906,-4.92591,0.18373,
1540822857652984832,-2.96061,10.55226,1.60902,0.81442,0.12576,0.07910,-0.56094,0.97519,-5.17389,0.32480,
1540822857752489472,-2.86282,10.02376,1.64516,0.82878,0.09990,0.09491,-0.54234,0.95446,-5.39378,0.45725,
1540822857885293312,-2.73407,9.28898,1.71104,0.84269,0.06597,0.11679,-0.52142,1.01684,-5.62698,0.57322,
1540822857951592960,-2.66414,8.91155,1.74744,0.84874,0.05022,0.12636,-0.51103,1.10295,-5.70098,0.59699,
1540822858051111680,-2.54430,8.33814,1.80553,0.85818,0.03621,0.13330,-0.49441,1.27765,-5.78115,0.61477,
1540822858183892224,-2.35837,7.56288,1.88535,0.87517,0.01698,0.14159,-0.46232,1.52038,-5.86632,0.61248,
1540822858250198016,-2.24897,7.17131,1.92467,0.88397,0.00523,0.14608,-0.44412,1.66965,-5.86586,0.65343,
1540822858349788160,-2.06453,6.58568,1.98740,0.89702,0.00409,0.14676,-0.41690,1.93205,-5.85879,0.62904,
1540822858449276160,-1.85969,5.99885,2.04427,0.90941,0.00797,0.14510,-0.38968,2.12927,-5.88764,0.56852,
1540822858548755456,-1.63430,5.40900,2.09226,0.92178,0.00386,0.14699,-0.35874,2.31036,-5.91572,0.48423,
1540822858648273920,-1.38793,4.82061,2.13459,0.93556,-0.01265,0.14736,-0.32069,2.52660,-5.89820,0.40100,
1540822858747833344,-1.12073,4.24048,2.16842,0.94802,-0.03121,0.15147,-0.27810,2.72838,-5.79705,0.28853,
1540822858847414016,-0.83201,3.67465,2.19335,0.95913,-0.04702,0.15796,-0.23001,2.93209,-5.65247,0.18584,
1540822858946779136,-0.52376,3.12299,2.20498,0.96777,-0.06296,0.16454,-0.17993,3.17711,-5.50728,0.01802,
1540822859046298112,-0.18664,2.58971,2.20285,0.97312,-0.08602,0.17020,-0.12912,3.43192,-5.31853,-0.09794,
1540822859145817088,0.17407,2.07864,2.18959,0.97525,-0.11055,0.17402,-0.07994,3.69524,-5.04615,-0.20156,
1540822859245335808,0.55815,1.59533,2.16332,0.97461,-0.13507,0.17524,-0.03431,3.93220,-4.74158,-0.35594,
1540822859344855040,0.97115,1.15674,2.12742,0.97331,-0.14935,0.17398,0.00988,4.18715,-4.33224,-0.44007,
1540822859444485376,1.40735,0.75280,2.08332,0.97199,-0.15835,0.16450,0.05562,4.43757,-3.90860,-0.50972,
1540822859544006400,1.86131,0.38604,2.03219,0.96742,-0.17121,0.15542,0.10314,4.62324,-3.45719,-0.57160,
1540822859676657408,2.49126,-0.03228,1.95277,0.95625,-0.19196,0.14464,0.16675,4.80966,-2.83007,-0.65520,
1540822859776215552,2.98009,-0.28871,1.88513,0.94470,-0.20465,0.13865,0.21548,4.91870,-2.32039,-0.72110,
1540822859842521600,3.31363,-0.44677,1.83357,0.93542,-0.21087,0.13345,0.25043,4.95814,-1.97782,-0.75550,
1540822859942039552,3.81315,-0.62298,1.75758,0.91776,-0.22386,0.12022,0.30520,4.97668,-1.42557,-0.76628,
1540822860074808320,4.47217,-0.77213,1.65496,0.89409,-0.21973,0.11054,0.37431,4.88130,-0.66744,-0.76079,
1540822860141079552,4.79683,-0.81461,1.60426,0.88245,-0.20885,0.10505,0.40820,4.82877,-0.31103,-0.74604,
1540822860240595456,5.27655,-0.83937,1.53073,0.86243,-0.19206,0.09474,0.45863,4.71564,0.12227,-0.72902,
1540822860340210688,5.74111,-0.81379,1.46050,0.83839,-0.18362,0.08963,0.50532,4.58193,0.53363,-0.68643,
1540822860439715584,6.19246,-0.75149,1.39555,0.80999,-0.18590,0.07553,0.55104,4.41897,0.92280,-0.60399,
1540822860539196416,6.62093,-0.64498,1.33587,0.77915,-0.18968,0.06210,0.59421,4.17159,1.29806,-0.56779,
1540822860638788096,7.01873,-0.50057,1.27932,0.75057,-0.18178,0.06989,0.63144,3.91247,1.66410,-0.51443,
1540822860738191616,7.39304,-0.31824,1.23352,0.72196,-0.17478,0.07436,0.66535,3.69046,2.04805,-0.41725,
1540822860837807104,7.74792,-0.09730,1.19789,0.69309,-0.16779,0.07704,0.69680,3.46832,2.38976,-0.29962,
1540822860937233152,8.07919,0.15860,1.17499,0.66027,-0.16431,0.07267,0.72923,3.24719,2.72878,-0.17242,
1540822861036836352,8.39155,0.44270,1.16483,0.62330,-0.16224,0.05861,0.76272,2.99327,3.00300,-0.03785,
1540822861136268544,8.67131,0.75268,1.17135,0.58340,-0.16282,0.03617,0.79488,2.69738,3.21584,0.11204,
1540822861235826688,8.91819,1.08402,1.18946,0.54256,-0.16937,0.01275,0.82267,2.40043,3.38314,0.18587,
1540822861335347456,9.12775,1.43255,1.21218,0.50193,-0.17846,-0.00657,0.84627,2.02745,3.53409,0.23447,
1540822861434970624,9.29934,1.79159,1.24260,0.46129,-0.18650,-0.02747,0.86699,1.59049,3.61244,0.29619,
1540822861534390528,9.42289,2.15152,1.27765,0.42528,-0.18954,-0.02615,0.88461,1.12935,3.62895,0.34406,
1540822861633902336,9.49261,2.51597,1.31774,0.39124,-0.18749,-0.01785,0.90081,0.67309,3.68979,0.39692,
1540822861733485568,9.52239,2.88673,1.36060,0.35704,-0.18607,-0.01169,0.91529,0.26380,3.76081,0.40375,
1540822861832942592,9.51559,3.26249,1.40353,0.32342,-0.18716,-0.01300,0.92747,-0.11647,3.80103,0.41966,
1540822861932419328,9.46219,3.63536,1.45191,0.28862,-0.19022,-0.02094,0.93813,-0.52418,3.79580,0.46518,
1540822862032012544,9.38561,4.01234,1.50236,0.25045,-0.19241,-0.03777,0.94806,-0.91068,3.76203,0.50053,
1540822862131512320,9.26910,4.38263,1.55621,0.21008,-0.19191,-0.06373,0.95654,-1.31501,3.67396,0.50211,
1540822862231027968,9.11741,4.73981,1.60848,0.17110,-0.19267,-0.08963,0.96207,-1.69230,3.51635,0.48140,
1540822862330484224,8.93328,5.08361,1.65415,0.13289,-0.19225,-0.11689,0.96526,-2.04913,3.31867,0.39283,
1540822862430046208,8.71603,5.40730,1.69179,0.09629,-0.19176,-0.14466,0.96593,-2.36849,3.05610,0.32774,
1540822862529480704,8.46502,5.69866,1.72056,0.06233,-0.19131,-0.16723,0.96517,-2.73723,2.74658,0.18747,
1540822862662211328,8.07406,6.02877,1.73856,0.02533,-0.19513,-0.18168,0.96347,-3.16287,2.23613,0.05136,
1540822862728606720,7.85751,6.16278,1.74306,0.01187,-0.19610,-0.18174,0.96352,-3.37871,1.99404,-0.04469,
1540822862828036352,7.50643,6.33407,1.73814,-0.00305,-0.19223,-0.17657,0.96533,-3.70730,1.61577,-0.13820,
1540822862927603456,7.12425,6.46988,1.72645,-0.01335,-0.18264,-0.17343,0.96767,-3.99795,1.21850,-0.16192,
1540822863027077376,6.71706,6.56792,1.70975,-0.02090,-0.17243,-0.16706,0.97053,-4.23085,0.84081,-0.20998,
1540822863159852288,6.13524,6.64543,1.68075,-0.02387,-0.16080,-0.14991,0.97524,-4.53819,0.37197,-0.25616,
1540822863226182656,5.83128,6.66028,1.66581,-0.02109,-0.15692,-0.12974,0.97883,-4.66294,0.17419,-0.25051,
1540822863358845184,5.19423,6.66316,1.63698,-0.01084,-0.14298,-0.08869,0.98568,-4.92130,-0.13863,-0.21293,
1540822863458324224,4.69594,6.64299,1.62233,-0.00641,-0.13221,-0.05882,0.98945,-5.08879,-0.27331,-0.13403,
1540822863524746240,4.35652,6.61833,1.61675,-0.00454,-0.12763,-0.04335,0.99086,-5.19988,-0.29779,-0.10287,
1540822863657401344,3.65555,6.56927,1.60668,-0.00319,-0.12107,-0.02012,0.99244,-5.36495,-0.36321,-0.08269,
1540822863723707392,3.29650,6.54299,1.60020,-0.00179,-0.11971,-0.00702,0.99278,-5.45007,-0.34494,-0.13142,
1540822863856399360,2.56196,6.50357,1.57599,0.00153,-0.11840,-0.00315,0.99296,-5.58757,-0.26701,-0.24326,
1540822863922745344,2.18621,6.48923,1.55828,0.00932,-0.11769,-0.00549,0.99299,-5.66292,-0.25535,-0.29079,
1540822864055514368,1.42365,6.45656,1.51517,0.03927,-0.11500,0.01414,0.99249,-5.79231,-0.23287,-0.34914,
1540822864121844224,1.03681,6.44451,1.49083,0.05566,-0.11446,0.02483,0.99156,-5.84580,-0.15163,-0.40322,
1540822864221404160,0.44632,6.43739,1.44850,0.07528,-0.11174,0.03659,0.99021,-5.93177,-0.04846,-0.48984,
1540822864320995584,-0.15069,6.44495,1.39620,0.08981,-0.11129,0.03812,0.98899,-5.99313,0.08962,-0.58813,
1540822864420537344,-0.75511,6.46437,1.33408,0.10473,-0.11260,0.03785,0.98738,-6.07372,0.19414,-0.65785,
1540822864520097280,-1.36399,6.49365,1.26801,0.12484,-0.11140,0.04323,0.98496,-6.11218,0.29815,-0.71940,
1540822864619675136,-1.97721,6.53367,1.19572,0.15191,-0.11036,0.05335,0.98076,-6.16428,0.44988,-0.82918,
1540822864719194112,-2.59446,6.58702,1.11455,0.18541,-0.10812,0.07192,0.97404,-6.17261,0.61617,-0.84626,
1540822864818726144,-3.21115,6.66022,1.03200,0.22110,-0.10123,0.09435,0.96538,-6.19121,0.81805,-0.82951,
1540822864918334464,-3.83370,6.75644,0.95208,0.25892,-0.09032,0.12521,0.95348,-6.17905,1.11179,-0.78144,
1540822865017859840,-4.45032,6.88337,0.87985,0.29699,-0.07532,0.15581,0.93907,-6.09653,1.47495,-0.70629,
1540822865117419520,-5.05493,7.05094,0.81762,0.33652,-0.05541,0.18078,0.92250,-5.95479,1.93282,-0.56373,
1540822865250039552,-5.82904,7.34748,0.75901,0.39092,-0.01900,0.20581,0.89692,-5.60517,2.55436,-0.36482,
1540822865316383488,-6.19629,7.52554,0.73730,0.42302,-0.00141,0.21469,0.88032,-5.36257,2.86955,-0.28830,
1540822865449078016,-6.87492,7.94234,0.70854,0.49734,0.03541,0.22966,0.83585,-4.78007,3.43702,-0.12698,
1540822865515422464,-7.18783,8.17612,0.70156,0.53797,0.05700,0.23595,0.80726,-4.41555,3.68117,-0.06505,
1540822865614942464,-7.59893,8.55835,0.69711,0.60779,0.08984,0.23605,0.75286,-3.75455,3.97592,-0.01266,
1540822865714459648,-7.94342,8.96226,0.69800,0.67931,0.11642,0.23080,0.68682,-3.02947,4.12590,0.05777,
1540822865813930240,-8.21553,9.37365,0.70464,0.74646,0.13641,0.22349,0.61175,-2.28139,4.12804,0.08769,
1540822865913449216,-8.42406,9.77711,0.71583,0.80561,0.14453,0.21606,0.53237,-1.62707,3.99008,0.12532,
1540822866012987904,-8.55850,10.16364,0.73306,0.85431,0.13612,0.21112,0.45503,-0.99072,3.78812,0.18357,
1540822866112411904,-8.63068,10.52910,0.75607,0.88547,0.12179,0.21540,0.39334,-0.39921,3.57445,0.27305,
1540822866211927040,-8.63954,10.87340,0.79082,0.90651,0.10556,0.22406,0.34189,0.28272,3.37690,0.38651,
1540822866311390208,-8.58711,11.20293,0.83701,0.92578,0.09546,0.22150,0.29112,0.92280,3.21432,0.54354,
1540822866410910976,-8.46981,11.52012,0.89686,0.94002,0.09236,0.22215,0.24185,1.47542,3.01870,0.66819,
1540822866510433280,-8.29401,11.81712,0.96967,0.95224,0.09001,0.21997,0.19169,2.04144,2.81428,0.80341,
1540822866609930496,-8.07073,12.09934,1.05956,0.96242,0.09423,0.21417,0.13781,2.53487,2.58844,0.95725,
1540822866709408512,-7.81000,12.36457,1.15982,0.96857,0.09634,0.21375,0.08307,2.97406,2.30232,1.04448,
1540822866809060352,-7.50368,12.59623,1.26850,0.97060,0.09514,0.21942,0.02719,3.39329,2.01382,1.07425,
1540822866908447232,-7.15781,12.80133,1.37907,0.96869,0.09902,0.22558,-0.03094,3.77503,1.76291,1.09037,
1540822867008038144,-6.77157,12.97868,1.48838,0.96240,0.11212,0.23004,-0.09108,4.12911,1.46762,1.05067,
1540822867140699904,-6.20163,13.15599,1.62432,0.94690,0.13888,0.22776,-0.17948,4.56427,0.99459,0.98407,
1540822867207003392,-5.89863,13.22445,1.68908,0.93660,0.15837,0.21836,-0.22367,4.74552,0.70075,0.94856,
1540822867306608640,-5.42167,13.27382,1.78059,0.91704,0.19096,0.20033,-0.28714,4.91881,0.17182,0.87096,
1540822867406175488,-4.93163,13.26892,1.86673,0.89107,0.22983,0.18152,-0.34673,4.99379,-0.39788,0.81433,
1540822867505640448,-4.43703,13.20243,1.94727,0.86118,0.27141,0.15884,-0.39935,4.97951,-1.04329,0.75510,
1540822867605120512,-3.94707,13.07137,2.01702,0.82783,0.31601,0.12586,-0.44608,4.83003,-1.72512,0.60367,
1540822867704728576,-3.48286,12.86419,2.06769,0.79198,0.35361,0.09062,-0.48941,4.49713,-2.42030,0.37905,
1540822867804174592,-3.05827,12.59029,2.09918,0.76165,0.36960,0.06484,-0.52827,4.02960,-3.07362,0.18644,
1540822867903693312,-2.68504,12.25118,2.10811,0.74648,0.35566,0.06096,-0.55907,3.52727,-3.69603,-0.01188,
1540822868003283968,-2.35478,11.85803,2.09712,0.73719,0.34120,0.06398,-0.57969,3.11126,-4.18025,-0.23446,
1540822868102794496,-2.06150,11.42248,2.06612,0.73073,0.32881,0.07178,-0.59394,2.73363,-4.63654,-0.40822,
1540822868202314496,-1.81239,10.94032,2.02011,0.73312,0.30698,0.08220,-0.60129,2.37597,-5.08863,-0.57425,
1540822868301832448,-1.59422,10.41328,1.95630,0.74417,0.27115,0.09509,-0.60303,2.05452,-5.51357,-0.75324,
1540822868401453824,-1.40031,9.84408,1.87453,0.75948,0.22857,0.11294,-0.59849,1.85596,-5.91263,-0.88005,
1540822868500933632,-1.22615,9.23583,1.79017,0.77536,0.18952,0.12817,-0.58862,1.73017,-6.29405,-0.82897,
1540822868600452096,-1.05547,8.59198,1.71410,0.79292,0.15393,0.13919,-0.57289,1.68359,-6.62432,-0.74672,
1540822868700011264,-0.88109,7.91860,1.64662,0.81157,0.11889,0.15013,-0.55198,1.74147,-6.88602,-0.63880,
1540822868799587328,-0.70058,7.22053,1.58694,0.83122,0.09200,0.15575,-0.52568,1.86080,-7.08306,-0.56601,
1540822868899050240,-0.50682,6.50620,1.53690,0.85354,0.06354,0.15920,-0.49203,2.03246,-7.24954,-0.46587,
1540822868998528256,-0.29312,5.77936,1.50100,0.87737,0.03213,0.16047,-0.45104,2.27370,-7.33373,-0.28731,
1540822869098087424,-0.05312,5.04756,1.48296,0.90351,-0.00008,0.16341,-0.39619,2.54793,-7.33683,-0.11327,
1540822869197629184,0.21476,4.32058,1.47913,0.92763,-0.03763,0.16935,-0.33078,2.81834,-7.22328,0.02970,
1540822869297065216,0.51058,3.61017,1.48765,0.94628,-0.08693,0.17848,-0.25524,3.14777,-7.03164,0.10004,
1540822869396540416,0.84409,2.92725,1.50486,0.95678,-0.13297,0.18643,-0.17925,3.52535,-6.70266,0.17383,
1540822869496100352,1.21359,2.28199,1.52745,0.96088,-0.17095,0.19149,-0.10404,3.90505,-6.23884,0.21856,
1540822869595672320,1.62333,1.68881,1.55334,0.95966,-0.20268,0.19305,-0.02676,4.27416,-5.65225,0.25228,
1540822869695195648,2.06821,1.16145,1.58415,0.95307,-0.22966,0.19055,0.05095,4.58673,-4.97677,0.27556,
1540822869794670592,2.54275,0.70051,1.61420,0.94064,-0.25615,0.18330,0.12645,4.83635,-4.27815,0.25884,
1540822869894229504,3.04032,0.31667,1.64062,0.92364,-0.27800,0.17490,0.19754,5.00939,-3.50232,0.18213,
1540822869993708544,3.54994,0.01368,1.65828,0.90442,-0.29196,0.16116,0.26609,5.08437,-2.71118,0.09222,
1540822870093227520,4.05818,-0.22186,1.66332,0.88130,-0.30383,0.14579,0.33126,5.06566,-1.92307,-0.00029,
1540822870192746752,4.56059,-0.37772,1.65924,0.85845,-0.30401,0.13353,0.39091,4.94290,-1.14267,-0.09857,
1540822870292348672,5.05037,-0.45291,1.64765,0.83605,-0.29968,0.12066,0.44346,4.77231,-0.38091,-0.14967,
1540822870391787520,5.51883,-0.46004,1.63164,0.81439,-0.29129,0.11001,0.48971,4.52525,0.29850,-0.16000,
1540822870491387392,5.96416,-0.41111,1.61522,0.79413,-0.27919,0.10766,0.52898,4.25581,0.92966,-0.16258,
1540822870590865920,6.38800,-0.31715,1.59964,0.77149,-0.26935,0.09992,0.56769,4.00874,1.50758,-0.13699,
1540822870690391552,6.78033,-0.14435,1.58782,0.74341,-0.26783,0.08140,0.60744,3.71100,2.06460,-0.09819,
1540822870823026176,7.24616,0.17086,1.58018,0.70536,-0.26602,0.05820,0.65446,3.20980,2.72428,-0.02917,
1540822870889437952,7.45804,0.35205,1.58122,0.68595,-0.26625,0.04681,0.67556,2.94949,3.01342,0.00998,
1540822870988851200,7.73936,0.65851,1.58594,0.65499,-0.26887,0.03206,0.70545,2.46806,3.39448,0.10119,
1540822871088466688,7.97562,1.00241,1.60149,0.62117,-0.26843,0.02539,0.73583,1.96084,3.71880,0.21886,
1540822871221164032,8.20443,1.52257,1.62968,0.56782,-0.26946,0.01702,0.77761,1.32597,4.13351,0.26125,
1540822871287405568,8.29503,1.80141,1.64424,0.53800,-0.27244,0.00944,0.79765,1.01028,4.33780,0.26890,
1540822871386924800,8.38216,2.24679,1.66864,0.49063,-0.27700,-0.00439,0.82616,0.49175,4.57848,0.30346,
1540822871486486784,8.41479,2.71554,1.69619,0.43719,-0.27972,-0.02165,0.85449,-0.07522,4.75494,0.32939,
1540822871619134976,8.36552,3.36120,1.73749,0.35366,-0.27817,-0.05914,0.89109,-0.86442,4.88135,0.33797,
1540822871685493504,8.30350,3.68768,1.75610,0.30897,-0.27410,-0.08050,0.90715,-1.26384,4.85357,0.33208,
1540822871785001984,8.15106,4.16763,1.78614,0.24021,-0.26786,-0.11674,0.92570,-1.86478,4.70092,0.33416,
1540822871884521984,7.93865,4.62237,1.81598,0.17395,-0.26174,-0.15153,0.93716,-2.45853,4.40382,0.31179,
1540822871984080640,7.66930,5.04228,1.84429,0.11129,-0.25518,-0.18219,0.94303,-3.00987,4.02416,0.27459,
1540822872083651584,7.34439,5.41592,1.86880,0.05285,-0.24707,-0.21067,0.94434,-3.51887,3.53947,0.22816,
1540822872183076864,6.97283,5.73579,1.89062,0.00655,-0.24299,-0.22805,0.94282,-3.97138,2.95080,0.16240,
1540822872282596608,6.55749,5.99625,1.90626,-0.02370,-0.24560,-0.22391,0.94286,-4.40386,2.38917,0.11038,
1540822872382154496,6.10196,6.20372,1.91713,-0.04656,-0.24686,-0.21810,0.94304,-4.81969,1.80177,0.06616,
1540822872481633536,5.60428,6.35343,1.92730,-0.06105,-0.24222,-0.21219,0.94476,-5.22023,1.25526,0.07552,
1540822872581153024,5.06822,6.45078,1.93472,-0.06770,-0.23878,-0.20098,0.94763,-5.56038,0.73359,0.03673,
1540822872680773888,4.49670,6.49775,1.93834,-0.06983,-0.23742,-0.18176,0.95169,-5.90662,0.26291,-0.00931,
1540822872780294656,3.89264,6.50562,1.93656,-0.06769,-0.23399,-0.16063,0.95649,-6.23990,-0.09473,-0.07500,
1540822872879847424,3.25735,6.47637,1.92750,-0.06110,-0.23407,-0.13325,0.96110,-6.51260,-0.41560,-0.13232,
1540822873045672704,2.13799,6.37138,1.89549,-0.04936,-0.23431,-0.08703,0.96700,-6.98035,-0.76753,-0.25943,
1540822873078817792,1.90776,6.33888,1.88668,-0.04779,-0.23379,-0.07928,0.96787,-7.06643,-0.82595,-0.28696,
1540822873178337792,1.18929,6.24697,1.85624,-0.04055,-0.23237,-0.05031,0.97048,-7.36562,-0.96602,-0.32172,
1540822873277876736,0.43727,6.14957,1.82167,-0.02627,-0.22237,-0.01353,0.97451,-7.71444,-0.97292,-0.33613,
1540822873410575872,-0.61124,6.02509,1.78181,0.01319,-0.20163,0.03461,0.97876,-8.05961,-0.84530,-0.25766,
1540822873477016832,-1.15108,5.97058,1.76876,0.04377,-0.19132,0.05961,0.97874,-8.19175,-0.73977,-0.18131,
1540822873576531968,-1.97716,5.90791,1.75424,0.10024,-0.17692,0.10683,0.97326,-8.38782,-0.48472,-0.11129,
1540822873676059136,-2.81735,5.87736,1.74721,0.16275,-0.16433,0.15843,0.95990,-8.46246,-0.09864,-0.07605,
1540822873775579648,-3.66238,5.89293,1.74091,0.23072,-0.15210,0.20416,0.93912,-8.48848,0.41255,-0.06816,
1540822873875230464,-4.50633,5.96619,1.73135,0.30584,-0.13815,0.24717,0.90900,-8.40081,1.01563,-0.10729,
1540822873974716672,-5.33362,6.10654,1.72090,0.38938,-0.11499,0.28580,0.86803,-8.17338,1.78657,-0.10206,
1540822874074279424,-6.13289,6.32360,1.71447,0.47976,-0.08353,0.31304,0.81539,-7.75869,2.54730,-0.04165,
1540822874173751552,-6.87787,6.60999,1.71072,0.56858,-0.04537,0.33964,0.74787,-7.15055,3.23338,-0.04489,
1540822874273302784,-7.55345,6.96242,1.70847,0.64859,-0.00434,0.35587,0.67281,-6.33862,3.84451,-0.05036,
1540822874372825344,-8.13750,7.37392,1.70752,0.71275,0.03431,0.36294,0.59924,-5.39881,4.30386,-0.04946,
1540822874472309760,-8.61852,7.82741,1.70683,0.76265,0.07049,0.35693,0.53478,-4.33791,4.64996,-0.02981,
1540822874571787776,-8.99299,8.30159,1.70584,0.80609,0.10215,0.33426,0.47755,-3.25348,4.75253,-0.03520,
1540822874671306496,-9.26460,8.77645,1.70564,0.84252,0.12539,0.30987,0.42239,-2.24844,4.68466,-0.01750,
1540822874770754560,-9.43913,9.23585,1.70397,0.87762,0.13030,0.27159,0.37289,-1.28972,4.46396,-0.00371,
1540822874870198784,-9.53350,9.67264,1.71071,0.90686,0.12165,0.23675,0.32674,-0.57041,4.20516,0.10683,
1540822875002889984,-9.55502,10.21051,1.73690,0.93180,0.09882,0.22566,0.26658,0.27860,3.83572,0.29056,
1540822875069185792,-9.52238,10.46645,1.75972,0.94011,0.08497,0.23020,0.23659,0.69018,3.71814,0.41202,
1540822875168703744,-9.42447,10.83421,1.80953,0.95015,0.06970,0.23415,0.19371,1.29914,3.52468,0.59189,
1540822875268223744,-9.27273,11.18123,1.87746,0.95789,0.05465,0.23765,0.15160,1.87350,3.32909,0.75291,
1540822875367741696,-9.07450,11.51453,1.96085,0.96304,0.04356,0.24209,0.10981,2.40601,3.19823,0.90027,
1540822875467264000,-8.82332,11.83569,2.05445,0.96566,0.05568,0.24516,0.06560,2.91398,3.04997,0.97484,
1540822875566882816,-8.53294,12.15101,2.15125,0.96520,0.08256,0.24741,0.01885,3.35265,2.82815,0.95679,
1540822875666323200,-8.18800,12.42730,2.24426,0.96134,0.11123,0.25038,-0.02765,3.78654,2.52660,0.89532,
1540822875765794304,-7.79906,12.66429,2.33126,0.95157,0.14422,0.26007,-0.07795,4.17615,2.15518,0.85031,
1540822875865274624,-7.37005,12.86274,2.41245,0.93387,0.19011,0.27210,-0.13309,4.57471,1.66269,0.75038,
1540822875964868864,-6.90115,13.01180,2.48274,0.91222,0.23331,0.27830,-0.18969,4.96489,1.05269,0.63577,
1540822876097487616,-6.21514,13.09028,2.55596,0.88157,0.28367,0.26634,-0.26727,5.39054,-0.02510,0.46314,
1540822876163831296,-5.85251,13.07365,2.58192,0.86781,0.30015,0.24973,-0.30733,5.51484,-0.61822,0.35065,
1540822876296598784,-5.11289,12.92010,2.61388,0.83346,0.33829,0.20602,-0.38530,5.55625,-1.75535,0.13998,
1540822876396116736,-4.56542,12.70241,2.61617,0.80126,0.37493,0.16842,-0.43479,5.36511,-2.60523,-0.07326,
1540822876462385920,-4.21690,12.50950,2.60513,0.78157,0.39076,0.15003,-0.46255,5.15125,-3.17584,-0.23014,
1540822876595149056,-3.56648,12.01672,2.55566,0.73990,0.42064,0.12177,-0.51066,4.63347,-4.22728,-0.52800,
1540822876661498880,-3.27078,11.71985,2.51612,0.72427,0.42861,0.11234,-0.52831,4.25934,-4.74934,-0.74070,
1540822876761023744,-2.87337,11.20948,2.42844,0.72038,0.41364,0.11622,-0.54447,3.74873,-5.46304,-1.00855,
1540822876860572672,-2.52076,10.62874,2.31977,0.72836,0.39240,0.13003,-0.54645,3.26166,-6.22060,-1.19681,
1540822876960208640,-2.21429,9.96957,2.19805,0.74929,0.34699,0.15192,-0.54321,2.87985,-6.95629,-1.26585,
1540822877059639808,-1.94187,9.23851,2.07426,0.77766,0.29271,0.17403,-0.52848,2.67021,-7.63704,-1.22306,
1540822877159250688,-1.68098,8.44550,1.95757,0.81150,0.23130,0.19272,-0.50083,2.60849,-8.21838,-1.12668,
1540822877258796032,-1.41582,7.60070,1.85664,0.84575,0.16724,0.21039,-0.46095,2.71942,-8.68485,-0.93531,
1540822877358288896,-1.13164,6.71581,1.78161,0.87898,0.09600,0.22431,-0.40971,2.99992,-9.02933,-0.65946,
1540822877457763584,-0.81299,5.80952,1.73605,0.90585,0.02933,0.23366,-0.35211,3.43499,-9.13157,-0.34333,
1540822877557232640,-0.44540,4.90085,1.72020,0.92447,-0.02089,0.24082,-0.29482,3.94424,-9.08525,-0.05484,
1540822877656750848,-0.02440,4.00456,1.73169,0.93872,-0.07570,0.24431,-0.23107,4.49455,-8.89450,0.22650,
1540822877756309248,0.45199,3.13571,1.76965,0.94400,-0.14809,0.25006,-0.15620,5.08510,-8.47454,0.46169,
1540822877855871488,0.98769,2.32436,1.82890,0.93945,-0.21583,0.25651,-0.07110,5.68847,-7.77106,0.64403,
1540822877955377664,1.58128,1.59425,1.89915,0.92977,-0.26294,0.25708,0.01734,6.23551,-6.85919,0.68968,
1540822878054938624,2.22650,0.96052,1.97128,0.91803,-0.29289,0.23917,0.11933,6.67863,-5.85835,0.67588,
1540822878154505472,2.90723,0.43140,2.04283,0.89759,-0.31717,0.20542,0.22704,6.87083,-4.73965,0.69767,
1540822878253976576,3.59539,0.02028,2.11537,0.86161,-0.34106,0.17348,0.33348,6.84382,-3.57686,0.71637,
1540822878386626816,4.48506,-0.36309,2.20530,0.79053,-0.38200,0.13560,0.45907,6.47443,-2.19711,0.60346,
1540822878452973824,4.90395,-0.50400,2.23875,0.74985,-0.40493,0.12225,0.50874,6.17905,-1.55555,0.46858,
1540822878552531456,5.49165,-0.61604,2.27480,0.69781,-0.41896,0.11657,0.56917,5.54933,-0.57017,0.22679,
1540822878652052736,6.01430,-0.63500,2.28884,0.67264,-0.39240,0.13915,0.61173,4.95017,0.37575,0.06535,
1540822878751531008,6.49672,-0.62594,2.28462,0.64962,-0.36111,0.14623,0.65285,4.46064,1.18854,-0.04155,
1540822878851115520,6.93784,-0.55294,2.27937,0.62662,-0.32723,0.14079,0.69314,3.94669,1.87242,-0.02197,
1540822878950567424,7.33952,-0.36333,2.27639,0.57638,-0.31715,0.12688,0.74236,3.53928,2.52612,-0.00592,
1540822879050086656,7.69381,-0.09201,2.27294,0.51099,-0.32609,0.08975,0.79025,2.99016,3.09148,0.02847,
1540822879182780672,8.05408,0.35000,2.27289,0.43633,-0.34343,0.04635,0.83037,2.10652,3.64720,0.00879,
1540822879282373120,8.24327,0.71667,2.27066,0.40004,-0.34575,0.03694,0.84798,1.34518,3.96716,0.01270,
1540822879381846016,8.36132,1.12052,2.26895,0.37597,-0.33875,0.02942,0.86199,0.62342,4.25361,0.03028,
1540822879448206592,8.41336,1.40477,2.26687,0.35753,-0.33615,0.01970,0.87109,0.17150,4.43715,0.03343,
1540822879547728640,8.41822,1.85897,2.26544,0.32496,-0.33377,-0.00214,0.88487,-0.52873,4.61770,0.04110,
1540822879647206144,8.34761,2.32643,2.26766,0.29336,-0.33506,-0.01837,0.89518,-1.23787,4.73039,0.04976,
1540822879746710784,8.19983,2.80610,2.27278,0.25025,-0.33617,-0.05268,0.90642,-1.96180,4.81242,0.05183,
1540822879846188800,7.97526,3.28292,2.27715,0.20380,-0.33842,-0.09356,0.91389,-2.69731,4.69637,0.03470,
1540822879945747968,7.67454,3.74075,2.27705,0.16585,-0.34459,-0.11209,0.91716,-3.44963,4.40992,-0.00268,
1540822880045271552,7.30140,4.17511,2.27220,0.12716,-0.34482,-0.12097,0.92212,-4.22854,4.20942,-0.05371,
1540822880144747264,6.85695,4.58921,2.26467,0.07742,-0.32238,-0.14047,0.93292,-4.96655,3.87269,-0.05239,
1540822880244265728,6.34421,4.96175,2.25847,0.03545,-0.30996,-0.14116,0.93954,-5.54727,3.44549,-0.05095,
1540822880343783680,5.76983,5.29688,2.25137,0.00207,-0.29006,-0.12755,0.94847,-6.16359,3.10406,-0.05724,
1540822880443304960,5.13846,5.59655,2.24648,-0.02256,-0.25259,-0.12336,0.95941,-6.59009,2.77279,-0.01501,
1540822880542822144,4.46992,5.86241,2.24158,-0.02649,-0.23535,-0.10683,0.96566,-6.93386,2.43737,-0.03590,
1540822880642419968,3.76248,6.09971,2.23564,-0.03359,-0.19736,-0.10451,0.97417,-7.24792,2.20797,-0.04046,
1540822880741860864,3.03460,6.30812,2.22707,-0.04284,-0.16439,-0.11359,0.97890,-7.39692,1.93409,-0.07658,
1540822880841379840,2.29239,6.48699,2.21851,-0.04720,-0.14283,-0.12091,0.98120,-7.50656,1.61750,-0.04990,
1540822880940898816,1.54435,6.64141,2.21541,-0.04146,-0.13629,-0.11995,0.98251,-7.58295,1.35623,0.01761,
1540822881040418048,0.78627,6.76711,2.21502,-0.03480,-0.13779,-0.11896,0.98268,-7.69452,1.05425,0.02051,
1540822881173295104,-0.24490,6.89044,2.21652,-0.00947,-0.13556,-0.10934,0.98467,-7.83077,0.72287,0.04791,
1540822881239505920,-0.76591,6.93670,2.21629,0.02052,-0.13423,-0.08622,0.98698,-7.90342,0.58881,0.03373,
1540822881339078144,-1.55671,6.98843,2.21901,0.07665,-0.12913,-0.04237,0.98775,-7.98826,0.45259,0.06405,
1540822881438638336,-2.35620,7.03227,2.22460,0.14532,-0.12013,0.02235,0.98181,-8.03718,0.45349,0.10431,
1540822881538192384,-3.15755,7.08212,2.23616,0.22440,-0.10978,0.09091,0.96402,-8.04034,0.62413,0.13380,
1540822881637708288,-3.95417,7.15594,2.24726,0.30946,-0.09760,0.15667,0.93283,-7.95157,0.98655,0.10208,
1540822881737152512,-4.73662,7.27645,2.25789,0.41273,-0.06823,0.21195,0.88322,-7.73356,1.49871,0.11148,
1540822881836673536,-5.48510,7.45466,2.26987,0.52942,-0.02343,0.25042,0.81022,-7.26834,2.01946,0.15613,
1540822881936190464,-6.17685,7.67995,2.28475,0.63663,0.02020,0.28544,0.71611,-6.58880,2.48106,0.17787,
1540822882068883200,-6.97436,8.03888,2.30603,0.75966,0.06899,0.30685,0.56920,-5.43529,2.86002,0.14729,
1540822882135337216,-7.31719,8.23049,2.31254,0.80447,0.08136,0.31252,0.49854,-4.86150,2.87890,0.08600,
1540822882234747136,-7.74963,8.52491,2.31983,0.85329,0.06349,0.30699,0.41668,-3.93968,2.91369,0.02340,
1540822882334271232,-8.09061,8.82734,2.32526,0.89269,0.03825,0.28047,0.35068,-3.19945,2.94778,0.02393,
1540822882433853952,-8.36325,9.13099,2.32467,0.90695,0.00553,0.27199,0.32162,-2.57914,2.99229,-0.05496,
1540822882533323776,-8.57932,9.44210,2.31266,0.91201,-0.01615,0.26811,0.30999,-2.03511,3.11158,-0.21018,
1540822882632764928,-8.75312,9.75997,2.28008,0.92272,-0.01669,0.25480,0.28876,-1.44084,3.20466,-0.37671,
1540822882732355840,-8.87175,10.08769,2.23744,0.94171,0.02056,0.23967,0.23517,-0.88551,3.23820,-0.45920,
1540822882831806976,-8.96704,10.40803,2.18841,0.95963,0.06783,0.21572,0.16725,-0.39231,3.07824,-0.46253,
1540822882931324928,-9.00034,10.70738,2.13997,0.96737,0.10916,0.20350,0.10421,0.02751,2.83984,-0.47676,
1540822883030841856,-8.99066,10.98370,2.08675,0.96644,0.14107,0.20485,0.06421,0.41033,2.52404,-0.57562,
1540822883130359040,-8.94284,11.22423,2.02124,0.96423,0.15866,0.20819,0.04184,0.82320,2.12437,-0.74410,
1540822883229878016,-8.86820,11.42938,1.94033,0.96821,0.14352,0.20335,0.02468,1.20465,1.72247,-0.90111,
1540822883329529088,-8.74252,11.59159,1.85109,0.97360,0.11417,0.19750,0.00821,1.58284,1.37120,-0.91498,
1540822883428857344,-8.56994,11.71622,1.76688,0.97793,0.08720,0.18955,-0.01116,1.97724,1.12731,-0.82700,
1540822883528375040,-8.35847,11.81738,1.69211,0.98057,0.08333,0.17436,-0.03365,2.32240,0.87485,-0.75009,
1540822883627994624,-8.12040,11.89766,1.62184,0.98334,0.07754,0.15548,-0.05337,2.60359,0.65132,-0.68893,
1540822883760587008,-7.75860,11.96638,1.53739,0.98675,0.07442,0.11330,-0.08915,2.88384,0.34300,-0.57593,
1540822883827014912,-7.56757,11.98366,1.50320,0.98608,0.07891,0.09743,-0.10922,2.96307,0.20429,-0.51005,
1540822883959666944,-7.16787,11.98748,1.44789,0.98441,0.07070,0.07388,-0.14309,3.07110,-0.10084,-0.35477,
1540822884025969920,-6.96571,11.97696,1.42928,0.98341,0.06773,0.06870,-0.15363,3.07846,-0.19671,-0.29883,
1540822884125531904,-6.65881,11.94709,1.40169,0.98189,0.06337,0.07148,-0.16358,3.10787,-0.38985,-0.31967,
1540822884225048832,-6.34672,11.89821,1.37570,0.98058,0.04387,0.07515,-0.17577,3.16921,-0.55311,-0.25084,
1540822884324530688,-6.02671,11.84065,1.36064,0.97792,0.04033,0.07546,-0.19067,3.25933,-0.63925,-0.11802,
1540822884423998208,-5.69922,11.76715,1.35651,0.97579,0.03965,0.06514,-0.20498,3.34656,-0.79185,0.00498,
1540822884523516160,-5.36711,11.67829,1.36537,0.97387,0.03418,0.04725,-0.21948,3.33975,-0.87558,0.12692,
1540822884623035136,-5.03728,11.58552,1.38284,0.97090,0.03310,0.04870,-0.23213,3.32283,-0.95610,0.20068,
1540822884722595328,-4.70690,11.48429,1.41007,0.96793,0.03399,0.04804,-0.24425,3.31739,-1.03785,0.30959,
1540822884822114560,-4.37677,11.37558,1.44806,0.96539,0.03218,0.04591,-0.25472,3.32204,-1.09698,0.38885,
1540822884921634560,-4.04757,11.26158,1.49618,0.96287,0.02857,0.04511,-0.26464,3.32107,-1.14389,0.51444,
1540822885021154048,-3.71556,11.14212,1.55357,0.95957,0.03295,0.04207,-0.27636,3.36318,-1.20382,0.63923,
1540822885153844992,-3.27216,10.97338,1.64018,0.95105,0.07038,0.02067,-0.30021,3.29588,-1.33614,0.60393,
1540822885220149248,-3.05784,10.87593,1.67800,0.94650,0.08392,0.00766,-0.31152,3.22829,-1.46266,0.51508,
1540822885319669248,-2.74408,10.71696,1.72261,0.93883,0.09233,-0.01907,-0.33121,3.10275,-1.63078,0.34545,
1540822885419187968,-2.44938,10.54237,1.74833,0.92937,0.10331,-0.04055,-0.35206,2.90663,-1.75672,0.14600,
1540822885518718976,-2.17275,10.35657,1.75376,0.91996,0.10429,-0.05554,-0.37378,2.71980,-1.91746,-0.07498,
1540822885618225152,-1.91870,10.15910,1.73680,0.91159,0.09789,-0.05806,-0.39503,2.48097,-1.97528,-0.30423,
1540822885717747200,-1.68457,9.95365,1.70125,0.90424,0.09909,-0.05518,-0.41168,2.28516,-2.06820,-0.46366,
1540822885817382144,-1.47095,9.73840,1.65243,0.89765,0.09791,-0.05299,-0.42642,2.07062,-2.17250,-0.56106,
1540822885916833792,-1.27591,9.51365,1.59654,0.89131,0.09660,-0.05101,-0.44004,1.85020,-2.25982,-0.61948,
1540822886016464128,-1.09704,9.27824,1.53493,0.88698,0.09522,-0.04958,-0.44916,1.66433,-2.34980,-0.68738,
1540822886149095424,-0.87925,8.94957,1.44232,0.88342,0.09016,-0.04696,-0.45743,1.41056,-2.49530,-0.78478,
1540822886215442432,-0.78042,8.77204,1.39456,0.88302,0.07003,-0.04168,-0.46220,1.27998,-2.61271,-0.84083,
1540822886314963200,-0.64089,8.50142,1.31820,0.88335,0.03496,-0.02789,-0.46658,1.18926,-2.62787,-0.82527,
1540822886414492416,-0.50877,8.23022,1.24397,0.88345,0.01508,-0.01607,-0.46801,1.12546,-2.61542,-0.79077,
1540822886547183616,-0.34812,7.87712,1.15302,0.88194,0.00835,-0.01350,-0.47110,1.09918,-2.55808,-0.66617,
1540822886646693888,-0.23601,7.61607,1.09541,0.86969,0.03248,-0.02962,-0.49163,1.01094,-2.58644,-0.61580,
1540822886713096448,-0.16550,7.43585,1.05918,0.85265,0.04190,-0.04978,-0.51841,0.90136,-2.63041,-0.60393,
1540822886812612608,-0.07923,7.17024,1.00054,0.82078,0.05553,-0.07606,-0.56343,0.71153,-2.60616,-0.65618,
1540822886912172544,-0.01398,6.90775,0.93472,0.79098,0.06207,-0.07728,-0.60376,0.48521,-2.56933,-0.72451,
1540822887011655680,0.03267,6.65004,0.86272,0.77059,0.06497,-0.07283,-0.62982,0.31777,-2.53395,-0.78476,
1540822887111216896,0.06276,6.39572,0.78865,0.75442,0.06896,-0.07478,-0.64846,0.15646,-2.49196,-0.76676,
1540822887210735872,0.07178,6.14145,0.71456,0.73753,0.07576,-0.08321,-0.66588,-0.10381,-2.48786,-0.78902,
1540822887310329856,0.05453,5.89535,0.64228,0.72353,0.06988,-0.08263,-0.68176,-0.29396,-2.39058,-0.75502,
1540822887409813760,0.01744,5.65409,0.57815,0.71825,0.05862,-0.07920,-0.68878,-0.54416,-2.35806,-0.57094,
1540822887509293824,-0.04732,5.42171,0.54069,0.71489,0.01820,-0.06935,-0.69555,-0.72643,-2.21356,-0.24992,
1540822887608852736,-0.12500,5.20748,0.53342,0.71303,-0.00441,-0.05659,-0.69884,-0.78764,-2.02573,-0.00550,
1540822887708403712,-0.21144,5.01180,0.55013,0.71338,-0.01668,-0.04695,-0.69901,-0.85693,-1.90642,0.18302,
1540822887807850752,-0.30535,4.83844,0.58225,0.72357,-0.02811,-0.03825,-0.68861,-0.84859,-1.73426,0.29483,
1540822887907368960,-0.39888,4.68478,0.62445,0.74148,-0.03413,-0.03084,-0.66940,-0.83574,-1.58768,0.39081,
1540822888006888960,-0.48862,4.54348,0.67623,0.76032,-0.03686,-0.03453,-0.64759,-0.82433,-1.45261,0.49440,
1540822888106492672,-0.57617,4.41455,0.73682,0.77632,-0.03866,-0.03734,-0.62804,-0.82643,-1.24206,0.61623,
1540822888205925632,-0.66091,4.30195,0.80892,0.78823,-0.04014,-0.03678,-0.61297,-0.84304,-1.10132,0.75258,
1540822888305516032,-0.74626,4.20656,0.89367,0.79563,-0.04136,-0.03751,-0.60320,-0.85409,-0.93011,0.85575,
1540822888405097984,-0.83111,4.12445,0.98674,0.80054,-0.04123,-0.03800,-0.59666,-0.85588,-0.76761,0.98131,
1540822888504552960,-0.91621,4.05344,1.08721,0.80322,-0.04022,-0.03813,-0.59310,-0.86888,-0.63883,1.05794,
1540822888604042752,-1.00532,3.98974,1.19342,0.80347,-0.04019,-0.03967,-0.59266,-0.88298,-0.56065,1.07530,
1540822888703595776,-1.09217,3.94249,1.29841,0.80299,-0.03263,-0.04565,-0.59334,-0.91790,-0.43762,0.99457,
1540822888803041024,-1.18295,3.90666,1.39309,0.80199,-0.03219,-0.04274,-0.59494,-0.94056,-0.33229,0.89061,
1540822888902561280,-1.27497,3.88135,1.47787,0.80220,-0.02945,-0.03733,-0.59517,-0.93753,-0.19851,0.75813,
1540822889035292928,-1.40525,3.86443,1.55774,0.80621,-0.00923,-0.00984,-0.59148,-0.98453,-0.11296,0.48021,
1540822889101670656,-1.47027,3.85839,1.58895,0.80692,0.00297,0.00899,-0.59058,-0.97047,-0.08075,0.44380,
1540822889201115904,-1.56742,3.84370,1.63358,0.80869,0.01905,0.02896,-0.58721,-0.93430,-0.18117,0.44334,
1540822889300635904,-1.65661,3.81908,1.68242,0.81254,0.01972,0.03240,-0.58167,-0.87205,-0.25039,0.50467,
1540822889400155904,-1.74264,3.78654,1.73408,0.81740,0.01561,0.03723,-0.57466,-0.84048,-0.33041,0.52071,
1540822889499745792,-1.82462,3.74732,1.78665,0.82195,0.01128,0.03889,-0.56812,-0.78174,-0.41439,0.51572,
1540822889599191808,-1.90295,3.69846,1.83855,0.82467,0.01063,0.03728,-0.56429,-0.74133,-0.47396,0.48506,
1540822889698753792,-1.97508,3.64383,1.88148,0.82632,0.01098,0.03835,-0.56179,-0.70873,-0.52665,0.33625,
1540822889798270976,-2.04090,3.59120,1.91500,0.82649,0.01885,0.04890,-0.56050,-0.63958,-0.55841,0.30141,
1540822889897789696,-2.09983,3.52812,1.95056,0.82709,0.02125,0.05176,-0.55928,-0.56942,-0.66304,0.33323,
1540822889997267712,-2.15021,3.45700,1.98604,0.82771,0.01891,0.05135,-0.55848,-0.48149,-0.72712,0.31747,
1540822890096786688,-2.19569,3.38262,2.01497,0.82795,0.02202,0.05627,-0.55753,-0.43485,-0.78658,0.27876,
1540822890196346880,-2.23297,3.29557,2.03720,0.83119,0.02249,0.05645,-0.55265,-0.36392,-0.88396,0.19856,
1540822890295872000,-2.26680,3.20405,2.04845,0.83591,0.02048,0.05450,-0.54577,-0.30813,-0.94387,0.04420,
1540822890395385088,-2.29334,3.09960,2.03853,0.84127,0.01987,0.05409,-0.53753,-0.26049,-1.05095,-0.15826,
1540822890494865152,-2.31353,2.98794,2.00876,0.84632,0.01900,0.05156,-0.52983,-0.21303,-1.12960,-0.37513,
1540822890594381824,-2.33114,2.86950,1.95989,0.85139,0.01862,0.04930,-0.52188,-0.17117,-1.18509,-0.57784,
1540822890727074816,-2.34841,2.70362,1.86584,0.85850,0.01835,0.04761,-0.51028,-0.10171,-1.26994,-0.82883,
1540822890793419776,-2.35665,2.61393,1.80737,0.86288,0.01760,0.04628,-0.50298,-0.07357,-1.31735,-0.94986,
1540822890892939776,-2.36441,2.47616,1.70430,0.86934,0.01641,0.04528,-0.49187,-0.02581,-1.35542,-1.11158,
1540822890992557824,-2.36684,2.33285,1.58580,0.87775,0.01600,0.04289,-0.47693,0.04107,-1.41838,-1.24587,
1540822891092017664,-2.36135,2.18714,1.45672,0.88654,0.01444,0.04125,-0.46058,0.08481,-1.46033,-1.33098,
1540822891191496960,-2.35127,2.03911,1.32403,0.89467,0.01307,0.04069,-0.44467,0.13183,-1.48908,-1.37547,
1540822891291016960,-2.33475,1.89059,1.18677,0.90255,0.01045,0.03841,-0.42874,0.17688,-1.49609,-1.41860,
1540822891390534912,-2.31093,1.74462,1.04339,0.90979,0.00774,0.03813,-0.41325,0.22694,-1.49581,-1.44138,
1540822891490061056,-2.28077,1.59639,0.89889,0.91555,0.00615,0.03585,-0.40057,0.28593,-1.53558,-1.45989,
1540822891622746112,-2.23303,1.38949,0.70702,0.92224,0.00555,0.03309,-0.38516,0.37414,-1.57305,-1.40510,
1540822891722270208,-2.18737,1.23213,0.57985,0.92964,0.00229,0.03348,-0.36693,0.45495,-1.57522,-1.15895,
1540822891821784064,-2.13370,1.07468,0.47982,0.93540,-0.00140,0.03145,-0.35219,0.52709,-1.56212,-0.92052,
1540822891888132352,-2.08997,0.97151,0.42674,0.93844,-0.00019,0.03073,-0.34408,0.57758,-1.54210,-0.77882,
1540822891987587328,-2.02171,0.82352,0.36637,0.94364,-0.00227,0.02665,-0.32990,0.68089,-1.50882,-0.48739,
1540822892087106816,-1.94783,0.67789,0.32938,0.94951,-0.00828,0.01149,-0.31342,0.71706,-1.44537,-0.31532,
1540822892186586624,-1.87235,0.54048,0.30397,0.95696,-0.00729,0.00698,-0.29006,0.71103,-1.37384,-0.21658,
1540822892319307520,-1.77663,0.36560,0.28482,0.96645,-0.01087,-0.00526,-0.25656,0.68738,-1.26496,-0.07891,
1540822892385678848,-1.73059,0.28517,0.28163,0.97100,-0.01101,-0.00365,-0.23881,0.67312,-1.22031,-0.04555,
1540822892485132544,-1.66364,0.16729,0.28296,0.97693,-0.00661,-0.00480,-0.21341,0.64125,-1.15573,0.07781,
1540822892584588800,-1.60057,0.05996,0.29734,0.98137,-0.00997,-0.00457,-0.19180,0.61951,-1.10654,0.14061,
1540822892684183296,-1.53878,-0.04814,0.31510,0.98486,-0.00902,-0.00530,-0.17304,0.60150,-1.07585,0.21208,
1540822892783663616,-1.48222,-0.15071,0.34352,0.98777,-0.00868,-0.00946,-0.15539,0.54324,-0.99270,0.31805,
1540822892883189504,-1.42927,-0.24747,0.37742,0.99022,-0.00796,-0.01103,-0.13887,0.51046,-0.94208,0.37423,
1540822892982662144,-1.37983,-0.34142,0.41212,0.99279,-0.00927,-0.01304,-0.11882,0.47020,-0.90702,0.31329,
1540822893082182656,-1.33173,-0.44010,0.43044,0.99505,-0.00991,-0.01158,-0.09817,0.46657,-0.92480,0.13878,
